NAME,GENDER
आभीर,0
आदर्श,0
आदेश,0
ाधिरा,0
आदि,0
आदिदेव,0
आदिनाथ,0
आडिट,0
आदितय,0
आदित्य,0
आद्या,0
आगम,0
आग्नेय,0
आग्नेय,0
आह्लाद,0
आह्वा,0
आकाश,0
आकर,0
आकर्षण,0
आलाप,0
आलोक,0
आमोद,0
आनंद,0
आनंदस्वरूप,0
अंदलीब,0
आंजनेय,0
आप्त,0
आराधक,0
ार्णव,0
ार्थ,0
आशीष,0
आश्मान,0
अश्लेष,0
आशुतोष,0
आस्तिक,0
आतिश,0
आत्मज,0
आत्रेय,0
आयु,0
आयुष्मान,0
अबीर,0
अभय,0
अभीक,0
अभीष्ट,0
अभी,0
अभिजात,0
अभिजय,0
अभिजीत,0
अभिक,0
अभिलाष,0
अभिमन्यु,0
अभिनन्दन,0
अभिनव,0
अभिनिवेश,0
अभिराम,0
अभिराज,0
अभिरथ,0
अभिरुप,0
अभिसार,0
अभिषेक,0
अभिवादन,0
अभिवन्थ,0
अभिवन्थ,0
अभ्रा,0
अभ्युदय,0
अचल,0
अचलेन्द्र,0
अचलराज,0
आचार्य,0
अचिन्त्य,0
अच्युत,0
अच्युतन,0
आदर्श,0
अड़ीला,0
ादीप,0
अधीर,0
ाधीश,0
अधिक,0
अधिप,0
ाधिरा,0
अधिराज,0
आदिल,0
आदिनाथ,0
आदिपुरुष,0
अदित,0
आदित्य,0
अद्वैत,0
अद्वय,0
अद्वय,0
अद्विक,0
अद्वैता,0
आगनवीर,0
अगस्त्य,0
अगेन्द्र,0
अघर्णा,0
आघात,0
अघोष,0
अग्निमित्र,0
अग्निप्रवा,0
अग्निवेश,0
अग्रज,0
अग्रता,0
अग्रिम,0
अज्ञेय,0
अहन,0
ैनेश,0
ऐरावत,0
अजा,0
अजात,0
अजातशत्रु,0
अजंता,0
अजय,0
अजित,0
अजिताभ,0
अजितेश,0
ाजिस्ट,0
अजोय,0
आकाश,0
ाकाण्ड,0
आकर्ष,0
अखिल,0
अखिलेश,0
अक्षज,0
एक्शन,0
अक्षांश,0
अक्षर,0
अक्षत,0
अक्षय,0
अक्षयगुणा,0
अक्षयकीर्ति,0
अक्षित,0
अक्षोभ्य,0
अकुल,0
ालक,0
अलंकार,0
अलोक,0
अलोकि,0
अलोप,0
अल्पेश,0
अमां,0
अमल,0
अमलेंदु,0
अमलेश,0
अमन,0
ामणि,0
अमर,0
अमरदीप,0
अमरेश,0
अमरिस,0
अमरजीत,0
अमरनाथ,0
अमर्त्य,0
अम्बर,0
अम्बरीष,0
अम्बिकापाठी,0
अम्बुद,0
अम्बुज,0
अमित,0
अमेया,0
अमेयात्मा,0
एमी,0
आमिल,0
अमिश,0
अमित,0
अमिताभ,0
अमितवा,0
अमितबिक्रम,0
अमितेश,0
अम्लान,0
अमर,0
अमोद,0
अमोघ,0
अमोल,0
अमोलिक,0
अमूर्त,0
अमरेश,0
अमरीक,0
अमरीश,0
अमृत,0
अमृतबु,0
अमृतय,0
अंशु,0
अंशुल,0
अमूल,0
अनादि,0
ानां,0
अनादि,0
अनघ,0
आनंद,0
आनंदी,0
अनंग,0
अनंत,0
अनंतजीत,0
अनंतराम,0
अनन्यो,0
अन्य,0
अनेक,0
अंगद,0
अँगड़ा,0
आगाज,0
अंगक,0
अनीज,0
ानिक,0
अनिकेत,0
अनिकेत,0
अनिल,0
अनिलाभ,0
अनिमेष,0
अनिरुद्ध,0
अनिरुद्ध,0
अनिर्वाण,0
अनीश,0
अनित,0
अंजल,0
अनजान,0
अंजस,0
अंजी,0
अंजोर,0
अंजुमन,0
अंकल,0
अंकित,0
अंकुर,0
अंकुश,0
अनमोल,0
अनुआभुज,0
अनूप,0
आराम,0
अंश,0
अंशु,0
अंशुक,0
अंशुल,0
अंशुमान,0
अंशुमत,0
अन्तर,0
अंतरिक्ष,0
अंतिम,0
अनुभव,0
अनुज,0
अनुनय,0
अनुपम,0
अनुराग,0
अनुरूप,0
अनुरूप,0
अनुत्तम,0
अनुवा,0
अप्पू,0
अपूर्व,0
अप्रमेय,0
आराध्य,0
अरनब,0
आरव,0
ारः,0
अर्चन,0
अर्चित,0
अर्धेंदु,0
ारीहह,0
अर्हत,0
अरिहान,0
अरिहंत,0
ारीज,0
अरिंदम,0
अरजा,0
अर्जित,0
अर्जुन,0
अर्का,0
अरमान,0
अर्णव,0
अर्नेश,0
अर्पण,0
अरशद,0
ारतगनण,0
अरुल,0
अरुण,0
अरुणाचलेश्वर,0
अरविन्द,0
आर्य,0
आर्यमन,0
आर्यन,0
आसव,0
असेलाह,0
असीम,0
अशंक,0
अनमोल,0
आश्चर्य,0
अशीम,0
अशेष,0
आशीर्वाद,0
आशीष,0
ाषित,0
अशोक,0
आश्रय,0
आश्रित,0
आशुतोष,0
अश्वथ,0
अश्वघोष,0
अश्वथामा,0
आश्विन,0
असित,0
असितवरण,0
ासिया,0
आसमान,0
अटल,0
ातमभू,0
अतनु,0
अतीत,0
अथर्वण,0
अतिक्ष,0
अतिथि,0
आत्मा,0
आत्मज्योति,0
आत्मन,0
आत्मानंदा,0
ात्रिओ,0
अतुल,0
अतुल्य,0
अवधेश,0
अवलोक,0
अवनीश,0
अवनींद्र,0
अवशेष,0
ावस्युँ,0
अवतार,0
अवि,0
अविचल,0
अविजित,0
अविकम,0
अविलाष,0
अविनाश,0
अविनाशी,0
अविरत,0
अवकाश,0
अवतार,0
ावयुक्त,0
ावयुक्त,0
आयोग,0
आयुध,0
बादल,0
बालार्क,0
बालकृष्ण,0
बाणभट्ट,0
बांके बिहारी,0
बासीमा,0
बबला,0
बद्री,0
बद्रीनाथ,0
बद्रीप्रसाद,0
बाहुबली,0
बहुला,0
बहुलिया,0
बैभव,0
बजरंग,0
बकुल,0
बकुल,0
बकुला,0
बालादित्य,0
बालचंद्र,0
बालगोपाल,0
बालगोविंद,0
बालाजी,0
बालकृष्ण,0
बालमणि,0
बालमोहन,0
बलराज,0
बलराम,0
बालाशंकर,0
बलवान,0
बलभद्र,0
बलबीर,0
बलदेव,0
बालेंदु,0
बालमुकुंद,0
बलि,0
बलराज,0
बलराम,0
बलवंत,0
बलवीर,0
बलविंद्र,0
बनज,0
बंधू,0
बंधुल,0
बन्धूला,0
बनीत,0
बांके,0
बांकेबिहारी,0
बंकिम,0
बंकिमचंद्र,0
बंशी,0
बंशीधर,0
बंसीलाल,0
बनवारी,0
बारिद,0
बरिंद्र,0
बरसात,0
बरुन,0
बसंत,0
बासदेव,0
बटुक,0
बव्येश,0
भद्रा,0
भद्रक,0
भद्रकापिल,0
भद्राक्ष,0
भद्रश्री,0
भद्रेश,0
भगत,0
भगवान,0
भागेश,0
भगीरथ,0
भगवंत,0
भाग्यराज,0
भैरव,0
भजन,0
भक्ति,0
भलेंद्र,0
भानु,0
भानुदास,0
भानुमित्र,0
भानुप्रकाश,0
भानुप्रसाद,0
भरद्वाज,0
भारत,0
भार्गव,0
भार्गव,0
भरतेश,0
भार्तिहरी,0
भास्कर,0
भस्वन,0
भास्वर,0
भौमिक,0
भाव-भूति,0
भवन,0
भावेश,0
भवानीदास,0
भीमसेन,0
भेरू,0
भीषम,0
भीम,0
भीष्म,0
भोज,0
भोलानाथ,0
भूपत,0
भूपेंद्र,0
भूषन,0
भूषित,0
भौमिक,0
भ्रमर,0
भृगु,0
भूदेव,0
बहुमान,0
भुपद,0
भूपाल,0
भूपति,0
भूपेन,0
भूपेंद्र,0
भूपेश,0
भूषण,0
भुवन,0
भुवनेश,0
भुवनेश्वर,0
बिबेक,0
बिजल,0
बिल्वा,0
बिमल,0
बिम्ब,0
बिम्बिसार,0
बिन्दुसार,0
बिनोद,0
बिपिन,0
बीर,0
बीरबल,0
बिरेन,0
बीरेंद्र,0
बिरजू,0
बिसेज,0
बोधन,0
बौधायन,0
ब्रह्मा,0
ब्रह्मानंद,0
ब्रह्माब्रता,0
ब्रह्मदत्त,0
ब्रज,0
ब्रजमोहन,0
ब्रजेन्द्र,0
ब्रजेश,0
ब्रजराज,0
ब्रम्हघोष,0
ब्रम्हानंद,0
ब्रतिंद्र,0
ब्रेंट,0
ब्रिज,0
बृजेश,0
बृजमोहन,0
बृजकिशोर,0
बृजनंदन,0
बृजराज,0
ब्रीडर,0
ब्रीनाम,0
बुद्धा,0
बुद्धदेव,0
बुद्धप्रिय,0
बुढील,0
चाणक्य,0
चारुचंद्र,0
चारुदत्त,0
चारुहास,0
चहल,0
चेतन,0
चैन,0
चैतन्य,0
चकोर,0
चक्रदेव,0
चक्रधर,0
चक्रपाणि,0
चक्रवर्ती,0
चक्रेश,0
चमन,0
चमनलाल,0
चम्पक,0
चंचल,0
चंचरीक,0
चांडक,0
चन्दन,0
चन्दवर्मन,0
चंडीदास,0
चन्दर,0
चंद्र,0
चन्द्रकिरण,0
चंद्रभान,0
चांद्राभा,0
चन्द्रादित्य,0
चन्द्रानन,0
चांद्रायण,0
चंद्रभागा,0
चंद्रचूड़,0
चन्द्रगुप्त,0
चन्द्रहास,0
चन्द्रक,0
चंद्रकेतु,0
चंद्रकिन,0
चंद्रकिशोर,0
चंद्रकुमार,0
चन्द्रमाधव,0
चंद्रमौलि,0
चंद्रमोहन,0
चंद्रन,0
चन्द्रनाथ,0
चन्द्रपीड़,0
चंद्रप्रकाश,0
चंद्रराज,0
चंद्रशेखर,0
चन्द्रवदन,0
चंद्रेश,0
चने,0
चपल,0
चरक,0
चरण,0
चरणजीत,0
चारुदत्त,0
चारशील,0
चरुवृत,0
छत्रेश,0
चतुर,0
चतुरा,0
चतुरानन,0
चतुर्भुज,0
चेतक,0
चेतन,0
चेतनानंद,0
छायांक,0
छंदक,0
चिदाकाश,0
चिदात्मा,0
चिदम्बर,0
चिदानंद,0
चिदात्मा,0
चिमन,0
चिनार,0
चिन्मय,0
चिन्मयानंद,0
चिनमयू,0
चिंतक,0
चिंतन,0
चिराग,0
चिरंजीव,0
चिरंतन,0
चितेश,0
चित्रगुप्त,0
चित्रभानु,0
चित्रकेतु,0
चित्राक्ष,0
चित्राल,0
चित्ररथ,0
चित्रसेन,0
चित्रबाहु,0
चित्तप्रसाद,0
चित्तरंजन,0
चित्तस्वरूप,0
चित्तेश,0
चोलन,0
चूड़ामणि,0
चुलबुल,0
च्यवन,0
दामोदर,0
दारुक,0
दारुण,0
दहन,0
दैत्य,0
दैविक,0
दक्ष,0
दक्षेश,0
दाक्षि,0
दक्षिणायन,0
दलपति,0
दमन,0
दामोदर,0
दण्डक,0
दण्डपाणि,0
डांटा,0
दानवीर,0
दरपद,0
दर्पक,0
दर्पण,0
दर्श,0
दर्शक,0
दर्शन,0
दर्शित,0
दारुका,0
दशरथ,0
दाशरथि,0
दत्ता,0
दत्तात्रेय,0
डटे,0
दया,0
दयाल,0
दयाकर,0
दयामय,0
दयानन्द,0
दयानिधि,0
दयाराम,0
दयासागर,0
दयाशंकर,0
दयास्वरूप,0
देबाशीष,0
देबजीत,0
दीनबंधु,0
दीनदयाल,0
दीनानाथ,0
दीनबबदु,0
डीप,0
दीपक,0
दीपन,0
दीपांकर,0
दीपेंद्र,0
दीपेंदु,0
दीपेश,0
दीपित,0
दीप्तांशु,0
दीपतेन्दु,0
दीप्तिमान,0
दीप्तिमय,0
देहभुज,0
देव,0
देवापि,0
देवब्रत,0
देवदास,0
देवदत्त,0
देवदेव,0
देवज्ञ,0
देवज,0
देवज्योति,0
देवजूता,0
देवक,0
देवकीनंदन,0
देवकुमार,0
देवल,0
देवानंद,0
देवांग,0
देवनक,0
देवांश,0
देवर्षि,0
देवाशीष,0
देवब्रत,0
देवदरश,0
देवदास,0
देवदत्त,0
देवीदास,0
देवेंद्र,0
देवेन्द्रनाथ,0
देवेश,0
देवेश्वर,0
देवगुरु,0
देवीदास,0
देवी,0
देवीलाल,0
देवीप्रसाद,0
देवकीनंदन,0
देवकुमार,0
देवनारायण,0
देवनाथ,0
देवपद,0
देवरात,0
देवसेना,0
देवव्रता,0
देवांश,0
धैर्य,0
धनानद,0
धनञ्जय,0
धनपति,0
धनेश,0
धनराज,0
धनसुख,0
धनुष,0
धनवंत,0
धन्वन्तरि,0
धनविन,0
धनविने,0
धन्य,0
धर्मनिष्ठ,0
धरणीधर,0
धरित्री,0
धर्म,0
धर्मदास,0
धर्मदेव,0
धर्मकीर्ति,0
धर्मकेतु,0
धर्मानंद,0
धर्मराज,0
धर्मवीर,0
धर्मेंद्र,0
धर्मेन्दु,0
धर्मेश,0
धार्मिक,0
धर्म-मित्र,0
धर्मपाल,0
धरना,0
धात्री,0
धवल,0
धीमान,0
धीमंत,0
धीर,0
धीरज,0
धीरेन्द्र,0
धीमंत,0
धीरज,0
धीरेन,0
धीरेन्द्र,0
धृतिमान,0
ध्रुपद,0
ध्रुव,0
ढहा,0
ध्यानेश,0
ध्यानेश्वर,0
दिगंत,0
दिगंबर,0
दिग्वस्त्र,0
दिग्विजय,0
डिक्शन,0
दिलावर,0
दिलबर,0
दिलीप,0
दिलीप,0
दिनकर,0
दीनानाथ,0
दीनार,0
दीनदयाल,0
दिनेन्द्र,0
दिनेश,0
डिंपल,0
डिंपल,0
दीपांकर,0
दीपेन,0
दीपेंदु,0
दीपेश,0
दीप्तांशु,0
दिवाकर,0
डिविट,0
दिव्यांशु,0
दिव्येंदु,0
दिव्येश,0
ड्रोन,0
द्रुपद,0
दुलाल,0
दुरंजय,0
दुर्गा,0
दुर्गादास,0
दुर्गादत्त,0
दुर्गेश,0
दूरिजेश,0
दर्जा,0
दुर्जय,0
दुर्विश,0
दुष्यंत,0
द्वारका,0
द्वारकादास,0
द्वारकानाथ,0
द्वैपायन,0
द्विजराज,0
द्विजेन्द्र,0
द्विजेश,0
द्युम्ना,0
ड्यूमिनी,0
ईशान,0
यदि,0
ेडनीत,0
इश्वर,0
यह,0
एहिमे,0
एक,0
एकाक्ष,0
एकाक्षरा,0
एकांत,0
एकात्मा,0
एकचक्रा,0
एकदन्त,0
एकाग्रह,0
एकाक्षा,0
एकलव्य,0
एकलिंग,0
एकबार,0
एकना,0
एकनाथ,0
एकनि,0
एकांश,0
एकपद,0
ेकराज,0
एकवीर,0
एकवीरा,0
एकयवन,0
इकबाल,0
एकलव्य,0
एकनाथ,0
ेकोदर,0
ेक्रम,0
ेश,0
ेशां,0
ईश्वर,0
ेश्वरदत्त,0
ेतसः,0
ेत्तन,0
ेवयावन,0
फाल्गुन,0
फलक,0
पहनी,0
फणिभूसन,0
फणिनाथ,0
फणीन्द्र,0
फणीन्द्रनाथ,0
फणीश्वर,0
फुलेंदु,0
गदाधर,0
गाडीन,0
गगन,0
गगनदीप,0
गगनविहारी,0
गगनेश,0
गजाधर,0
गजबाहु,0
गजदंत,0
गजानन,0
गजानंद,0
गजेंद्र,0
गजेंद्रनाथ,0
गजकरण,0
गजपति,0
गजरूप,0
गजवदन,0
गंभीर,0
गणक,0
गणपति,0
गणराज,0
गंधा,0
गन्धर्व,0
गांधीक,0
गांडीव,0
गणेश,0
गंगदत्त,0
गंगाधर,0
गंगदत्त,0
गंगेश,0
गंगेश,0
गांगेय,0
गंगोल,0
गणनाथ,0
गन्नों,0
गर्ग,0
गर्जन,0
गरुड़,0
गतिक,0
गौरांग,0
गौरव,0
गौरीश,0
गौरीकान्त,0
गौरीनंदन,0
गौरीनाथ,0
गौरीश,0
गौरीशंकर,0
गौरिसुत,0
गौतम,0
गवेषण,0
गायन,0
गीत,0
ग़ालिब,0
घनानंद,0
घनेन्द्र,0
घनश्याम,0
गिरधारी,0
गिरी,0
गिरिधर,0
गिरिजानंदन,0
गिरिक,0
गिरिलाल,0
गिरीन्द्र,0
गिरिराज,0
गिरीश,0
गिरिवर,0
गिरवां,0
गीताश्री,0
गोभिल,0
गोगुला,0
गोकुल,0
गोपाल,0
गोपन,0
गोपेश,0
गोपी,0
गोपीचंद,0
गोरख,0
गोरख-नाथ,0
गोराल,0
गोस्वामी,0
गोवर्धन,0
गोविन्द,0
गोविंदा,0
ग्रीष्म,0
गुडाकेश,0
गुल,0
गुलाब,0
गुलाल,0
गुलशन,0
गुलज़ार,0
गुलज़ारीलाल,0
गुना,0
गुणाकर,0
गुनग्य,0
गुनाजा,0
गुणमय,0
गुणरत्न,0
गुनिन,0
गुनिना,0
गुंजन,0
गुणवंत,0
गुरबचन,0
गुरचरण,0
गुरदयाल,0
गुरदीप,0
गुरजस,0
गुरमन,0
गुरमीत,0
गुरमुख गुरनाम,0
गुरप्रीत,0
गुरशरण,0
गुरु,0
गुरुबचन,0
गुरुचरण,0
गुरुदास,0
गुरुदत्त,0
गुरुदत्त,0
गुरुशरण,0
गुरुत्तम,0
ज्ञान,0
ज्ञानदेव,0
ज्ञानेश्वर,0
हाड़िया,0
हकेश,0
हाना,0
हनन,0
हंस,0
हनशल,0
हंसीं,0
हंसराज,0
हनुमान,0
हनुमंत,0
हर,0
हरा,0
हार्दिक,0
हरींद्र,0
हरेकृष्ण,0
हरेश,0
हरी,0
हरी,0
हरिअक्सा,0
हरिचरण,0
हरिदास,0
हरिगोपाल,0
हरिहर,0
हरिज,0
हरिलाल,0
हरिनारायण,0
हरिंद्र,0
हरिंद्रनाथ,0
हरिप्रसाद,0
हरप्रीत,0
हरिराम,0
हरिशंकर,0
हरिश्चंद्र,0
हरित,0
हरितबरण,0
हरिवंश,0
हरिविलास,0
हरजीत,0
हरकृष्ण,0
धर्मेंद्र,0
हारुन,0
हर्ष,0
हर्षा,0
हर्षद,0
हर्षल,0
हर्षवर्धन,0
हर्षिनी,0
हर्षित,0
हर्षुल,0
हार्टेज,0
हसन,0
हसित,0
हसमुख,0
हस्तिन,0
हविश,0
हेम,0
हेमाद्रि,0
हेमचन्द्र,0
हेमाद्रि,0
हेमकेश,0
हेमल,0
हेमंदर,0
हेमांग,0
हेमांगा,0
हेमंत,0
हेमप्रकाश,0
हेमराज,0
हेमवतीनंदन,0
हेमचन्दर,0
हेमदेव,0
हमें,0
हेमेंद्र,0
हेमेंदु,0
हेमिश,0
हेमराज,0
हेमायु,0
हेरम्बा,0
हेतल,0
हिमाद्रि,0
हिमांशु,0
हिमाचल,0
हिमनीष,0
हिमांक,0
हिम्मत,0
हिम्नीश,0
हिन्द,0
हिंडोला,0
हिरल,0
हिरण्मय,0
हिरण्य,0
हिरण्यक,0
हिरेन,0
हीरेन्द्र,0
हिरेश,0
हितकृत,0
ह्रदय,0
हृदयनाथ,0
हृदयेश,0
हृद्यांशु,0
हृषी,0
हृषिकेश,0
हृथिक,0
हुडा,0
हथेश,0
िभनन,0
इच्छा,0
ीदासपति,0
िधांत,0
िजय,0
िक्षण,0
िक्षित,0
इक्षु,0
िलाशपस्ती,0
इलेश,0
िलीसा,0
इना,0
इनस,0
इंदीवर,0
इंदीवर,0
इंद्रा,0
इंद्रार्जुन,0
इंद्रदत्त,0
इन्द्रद्युम्न,0
इंद्रजीत,0
इंद्रनील,0
इन्द्रसेन,0
इन्द्रसेना,0
इंदुभूषण,0
इंदुज,0
िंदुकान्त,0
इंदुलाल,0
इन्दुलेक्ष,0
इन्दुमल,0
िन्दुमौलि,0
इंदुशेखर,0
िनेष,0
िंगनाम,0
िनोदय,0
ईप्सित,0
िराज,0
इरावन,0
इरावत,0
िरेश,0
िश,0
ईशान,0
ईशान,0
ईषना,0
िशत,0
ईशित,0
इश्यू,0
िशिर,0
ईश्वर,0
जगद्बंद्व,0
जगदीप,0
जगदीश,0
जगदेव,0
जगजीत,0
जगजीवन,0
जगन्मय,0
जगन्नाथ,0
जगत,0
जगतगुरु,0
जगतकिशोर,0
जगतप्रकाश,0
जगत्प्रभुः,0
जगतपाल,0
जगतवीर,0
जगतबहारी,0
जगदीप,0
जगदेव,0
जगदीश,0
जागेश,0
जैगर,0
जागीश,0
जग जीवन,0
जगमोहन,0
जगरांव,0
जहाँ,0
जाहि,0
जह्नु,0
जय,0
जैचंद,0
जयदयाल,0
जयदीप,0
जयदेव,0
जैगोपाल,0
जयकृष्ण,0
जैमन,0
जयनारायण,0
जयपाल,0
जयराज,0
जयराम,0
जैसल,0
जयसुख,0
जैथरा,0
जैवल,0
जीवंत,0
जयवर्धन,0
जयवीर,0
जाकारिओउस,0
जलभुषण,0
जलदेव,0
जलधर,0
जलेंदु,0
जलेश,0
जलसा,0
जनक,0
जानकीभूषण,0
जानकीदास,0
जानकीनाथ,0
जानकिरमन,0
जनमेजय,0
जनार्दन,0
जनेश,0
जानकेश,0
जंमेश,0
जणू,0
जपा,0
जपेन्द्र,0
जपेष,0
जसबीर,0
जेष्ठ,0
जसकरण,0
जसपाल,0
जसराज,0
जसवीर,0
जसवंत,0
जटायु,0
जातां,0
जातस्य,0
जतिन,0
जावेश,0
जवाहर,0
जय,0
जयचंद,0
जयदीप,0
जयादित्य,0
जयकृष्ण,0
जायनी,0
जयंत,0
जयपाल,0
जयप्रकाश,0
जयशेखर,0
जयवंत,0
जयेन्द्र,0
जयेश,0
जयिन,0
जयसुख,0
जीवल,0
जीवन,0
जीवा,0
जीवनप्रकाश,0
जीवराज,0
जीवेश,0
झूलिएर,0
झूमर,0
जिगर,0
जिग्नेश,0
जिमुता,0
जीना,0
जिनभद्र,0
जिनदेव,0
जिनेन्द्र,0
जिष्णु,0
जितमित्र,0
जीतेन्द्र,0
जितवार,0
जिवाज,0
जीवल,0
जीवन,0
जीवन,0
जीवितेश,0
जीवराज,0
जनयांदीप,0
जन्यनेश्वर,0
जोगेश,0
जोगिन्दर,0
जोगिंद्र,0
जोगराज,0
जुगल,0
जुगनू,0
ज्वाला,0
ज्वलंत,0
ज्वालीअ,0
ज्येष्ठा,0
ज्योतीष,0
ज्योतिष,0
ज्योतीचन्द्र,0
ज्योतिंद्र,0
ज्योतिप्रकाश,0
ज्योतिरंजन,0
ज्योतिर्धर,0
ज्योतिर्मय,0
ज्वालाप्रसाद,0
कालिया,0
कानन,0
कारिका,0
कार्तिकेय,0
काशीनाथ,0
कबीर,0
कदम्ब,0
कादितुला,0
कैलाश,0
कैलाशचंद्र,0
कैलाशनाथ,0
कैरव,0
कैवल्य,0
कलाधर,0
कलानाथ,0
कलानिधि,0
कलाप,0
कलश,0
कालीचरण,0
कल-हंस,0
कालीचरण,0
कालिदास,0
कलिमोहन,0
कलिंग,0
कलिरंजन,0
कल्किन,0
कल्लोल,0
कल्पक,0
कल्पेश,0
कल्याण,0
कामदेव,0
कमल,0
कमलापति,0
कमलज,0
कमलाकर,0
कमलाक्ष,0
कमलनयन,0
कमलेश,0
कमलकांत,0
कमलनयन,0
कमलनाथ,0
कम्बोज,0
कामेश,0
कमोड,0
कामरान,0
कंसनतक,0
कनैया,0
कनक,0
कंदर्प,0
कान्हा,0
कन्हैया,0
कनिष्क,0
कंज,0
कांतिलाल,0
कांतिमय,0
कनु,0
कण्व,0
कंवर,0
कँवल,0
कंवलजीत,0
कंवलकिशोरे,0
कपाली,0
कपि,0
कपिध्वज,0
कपिल,0
कपिल देव,0
कपिलेश्वर,0
कपीन्द्र,0
कपिरथ,0
कपीश,0
कारन,0
कर्मेन्द्र,0
कर्मजीत,0
करना,0
कर्णाभूषण,0
करनजीत,0
कर्णम,0
कर्णप्रिया,0
कर्पूर,0
करतार,0
कार्तिक,0
कार्तिकेय,0
करुणा,0
करूणानिधि,0
करुणाकर,0
करुणामय,0
करुणाशंकर,0
करुणेश,0
कशी,0
काशिफ,0
काशीनाथ,0
काशीप्रसाद,0
कश्यप,0
कशिश,0
कात्यायन,0
कौसर,0
कौशल,0
कौशलेश,0
कौशिक,0
कौस्तुभ,0
कौतिक,0
कौटिल्य,0
कवीशा,0
केवल,0
कविं,0
कवीन्द्र,0
कविराज,0
कविश,0
कयां,0
केदार,0
केदारनाथ,0
कीर्तन,0
कीर्तिनाथ,0
केसर,0
केशव,0
केश्टो,0
केतक,0
केतन,0
केतु,0
केतुभ,0
केवा,0
केवल,0
केवलकिशोरे,0
केवलकुमार,0
खगेन्द्र,0
खगेश,0
खैरिया,0
खाजित,0
खरांशु,0
खेमचंद,0
खेमप्रकश,0
खुशाल,0
खुशवंत,0
किंदम,0
किंशुक,0
किंतन,0
किरात,0
किरण,0
किरात,0
कीरतिदेव,0
किरीट,0
किरिन,0
किरित्मणि,0
कीर्तन,0
कीर्ति,0
कीर्तिभूषण,0
कीर्तिकुमार,0
कीर्तिं,0
कीरतिवल्लभ,0
किशन,0
किशोर,0
किशोर,0
किशोरकुमार,0
कोशिन,0
कौण्डिन्य,0
कोविद,0
क्रान्ति,0
कृपा,0
कृपाल,0
कृपानिधि,0
कृपासागर,0
कृष,0
कृशांग,0
कृष्णा,0
कृशानु,0
कृष्णचन्द्र,0
कृष्णदेव,0
कृष्णकुमार,0
कृष्णमुरारी,0
कृष्णामूर्ति,0
कृष्णेंदु,0
कृतनु,0
कृतिं,0
कृतिक,0
कृवि,0
कृपाल,0
क्षन्तु,0
क्षयनिष्ठ,0
क्षेमेन्द्र,0
क्षीरीन,0
क्षिराज,0
क्षितिधर,0
क्षितिज,0
श्रृगाल,0
कुबेर,0
कुबेरचंद,0
कुलरंजन,0
कुलभूषण,0
कुलदीप,0
कुलदेव,0
कुमार,0
कुमारेश,0
कुमुद,0
कुमुदेश,0
कुमुष,0
कुणाल,0
कुंडा,0
कुंदन,0
कुन्दनलाल,0
कुंजबिहारी,0
कुंश,0
कुन्षी,0
कुंवर,0
कुशाग्र,0
कुश,0
कुशाद,0
कुशल,0
कुषाणु,0
कुसुमाकर,0
कुसुमेश,0
कूवम,0
कुंवर,0
कवण,0
लाभ,0
लालमणि,0
लावण्या,0
लहार,0
लखन,0
लक्षण,0
लक्ष,0
लक्ष्मण,0
लक्ष्मीकांत,0
लक्षणया,0
लक्ष्मीधर,0
लक्ष्मीगोपाल,0
लक्ष्मीकांत,0
लक्ष्मीनाथ,0
लक्ष्मीनारायण,0
लक्ष्मीपति,0
लक्ष्मीरमण,0
लक्ष्य,0
ललाम,0
ललन,0
लालचंद,0
लालचंद्र,0
ललित,0
ललितादित्य,0
ललितचन्द्र,0
ललितेश,0
ललितकिशोर,0
ललितकुमार,0
ललितलोचन,0
ललितमोहन,0
लम्बोदर,0
लानीबन,0
लंकेश,0
लररज,0
लव,0
लेविट्रा,0
लायक,0
लेख,0
लीलाधर,0
लोचन,0
लोहेंद्र,0
लोहित,0
लोहिताक्ष,0
लोहितश्व,0
लोककृति,0
लोकनेत्र,0
लोकपूज्य,0
लोकेश,0
लोकभूषण,0
लोकनाथ,0
लोकप्रदीप,0
लोकप्रकाश,0
लोकरंजन,0
लोमश,0
लुकेश,0
लव,0
माधव,0
माघ,0
मालोलन,0
मान्धाता,0
मदन,0
मदनगोपाल,0
मदनमोहन,0
मदरू,0
मदेश,0
माधव,0
माधव,0
माधवन,0
माधवदास,0
मधु,0
मधुबन,0
मधुछन्दा,0
मधुक,0
मधुकांत,0
मधुकर,0
मधुप,0
मधुर,0
मधुसूदन,0
मधुसूदन,0
मदिन,0
मगन,0
महा,0
महादेव,0
महावीर,0
महाबाहु,0
महाबला,0
महादेव,0
महाकाय,0
महाकेतु,0
महाक्रम,0
महामणि,0
महामति,0
महंत,0
महानिधि,0
महापुरुष,0
महारथ,0
महर्षि,0
महासवीं,0
महात्रु,0
महावीर,0
महीपति,0
महेंद्र,0
महीपति,0
महेंद्र,0
महेश,0
महेश्वर,0
माहि,0
महीन,0
महिपाल,0
महीपति,0
महिष,0
महित,0
मैत्रेय,0
मकरंद,0
मखेष,0
मकरंद,0
माकूल,0
मालक,0
मालंक,0
मलय,0
मलया,0
मल्हार,0
मल्लेश,0
मामराज,0
मनाल,0
मनार,0
मनन,0
मानस,0
मानव,0
मानवेन्द्र,0
मंदार,0
मंदाक्रांता,0
मंदार,0
मनदीप,0
मंधातरी,0
मणीन्द्र,0
मनीष,0
मनीत,0
मनेंद्र,0
मंगल,0
मंगेश,0
मनहर,0
मणि,0
मणिभूषण,0
मणिधर,0
माणिक,0
मणिकांत,0
मणिकंदन,0
मनिन्द्र,0
मनीराम,0
मनीष,0
मणिशंकर,0
मानित,0
मंजीत,0
मंजुघोष,0
मंजुल,0
मनजोत,0
मनमोहन,0
मन्नान,0
मनोहर,0
मनोज,0
मनोजवाय,0
मनोमय,0
मनोरंजन,0
मनोरथ,0
मनोटेज,0
मानप्रसाद,0
मनसुख,0
मंथन,0
मंत्रम,0
मनु,0
मनुराज,0
मानवेन्द्र,0
मन्यु,0
मराल,0
माराम,0
मार्दव,0
मरीचि,0
मार्कण्डेय,0
मार्तण्ड,0
मार्तंड,0
मरुदेवा,0
मरुत,0
मारुती,0
मतंगा,0
मथेश,0
मत्स्येन्द्र,0
मौलिक,0
मयंक,0
मायों,0
मैसून,0
मयूख,0
मयूर,0
मेध,0
मेधांश,0
मेरे,0
मेघ,0
मेघाज,0
मेघन,0
मेघश्याम,0
मेघ-नाद,0
मेघ्दत्त,0
मेघनाद,0
मेघराज,0
महल,0
महताब,0
मेहुल,0
मिहिर,0
मिहिरकिरण,0
मिकुल,0
मिलान,0
मिलैंड,0
मिलाप,0
मिलिंद,0
मिलित,0
मीनल,0
मिसाल,0
मिश्री,0
मितली,0
मिटें,0
मिथिल,0
मिथिलेश,0
मिथ्रन,0
मिथुन,0
मित्रजीत,0
मितुल,0
मोदक,0
मोह,0
मोहजीत,0
मोहक,0
महल,0
मोहन,0
मोहिं,0
मोहित,0
मोहनीश,0
महल,0
मनीष,0
मूर्ती,0
मोती,0
मोतीलाल,0
मौलिक,0
मृदुल,0
मृगा,0
मृगज,0
मृगलोचन,0
मृगांक,0
मृगांकमौलि,0
मृगांकसेखर,0
मृगस्य,0
मृगेंद्र,0
मृगेश,0
मृणाल,0
मृणाङ्क,0
मरिनेन्द्र,0
मृतुन्जय,0
मुद्गल,0
मुडील,0
मुदित,0
मुकेश,0
मुक्त,0
मुक्तानंद,0
मुकुल,0
मुकुंद,0
मुकुंदा,0
मुकुट,0
मुल्कराज,0
मुना,0
मुनींद्र,0
मुनि,0
मुनीश,0
मुरारी,0
मुराद,0
मुरली,0
मुरली,0
मुरलीधर,0
मुरलीमनोहर,0
मुरारी,0
मुरारीलाल,0
मुर्गेष,0
मुरली,0
मुरुगन,0
नाभि,0
नाग,0
नागार्जुन,0
नागधर,0
नागेंद्र,0
नागेश,0
नागपाल,0
नागपाल,0
नागपति,0
नाग-राज,0
नाकेश,0
नामदेव,0
नानक,0
नारायण,0
नारद,0
नबेंदु,0
नाभिज,0
नाभोज,0
नाभ्या,0
नभोमनी,0
नचिक,0
नचिकेत,0
नचिकेता,0
नदीं,0
नदीश,0
नदीश,0
नागधर,0
नागेंद्र,0
नागेश,0
नागेश्वरन,0
नग्गर,0
नहुष,0
नैमिष नैऋत,0
नैषध,0
नैतिक,0
नखराज,0
नक्षत्र,0
नक्शत्रराजा,0
नकुल,0
नल,0
निलेश,0
नलिन,0
नलिनाक्ष,0
नलिनीकांत,0
नमन,0
नामदेव,0
नैमिष,0
नामित,0
नन्द,0
नन्दक,0
नंदकुमार,0
नंदन,0
नंदी,0
नन्दिन,0
नंदिश,0
नन्द-किशोर,0
नंदलाल,0
नन्द-नंदन,0
नारद,0
नरहरि,0
नरसिम्हा,0
नारायण,0
नारायणा,0
नारायणन,0
नरेंद्र,0
नरेन्द्रनाथ,0
नरेश,0
नरहरि,0
नर्मद,0
नरोत्तम,0
नरसी,0
नरसिम्हा,0
नर्तन,0
नरतना,0
नरना,0
नटेश,0
नटेश्वर,0
नाथन,0
नटराज,0
नटवर,0
नौहर,0
नौका,0
नवल,0
नवाज,0
नवनीत,0
नवाशं,0
नवीन,0
नविन,0
नवेन्दु,0
नवीनचंद्र,0
नविशा,0
नवरंग,0
नवरतन,0
नवतेज,0
नवल,0
नवलकिशोर,0
नवर,0
नायकं,0
नयन,0
नील,0
नीलाभ,0
नीलाद्रि,0
नीलम,0
नीलमणि,0
नीलाम्बर,0
नीलाम्बुज,0
नीलांचल,0
नीलांजन,0
नीलेश,0
नीलग्रीव,0
नीलकमल,0
नीलकंठ,0
नीलमाधव,0
नीलोत्पल,0
नीरद,0
नीरफ,0
नीरज,0
नीरव,0
नेहाल,0
नेसएम,0
निबाल,0
निबोध,0
निधीश,0
निगम,0
निहार,0
निहाल,0
निकष,0
निकट,0
निकेतन,0
निखिल,0
निखिलेश,0
निकुंज,0
निकुंज,0
नीलाभ,0
निलय,0
नीलेश,0
निमाई,0
निमिष,0
निनाद,0
निपुण,0
नीरद,0
नीरज,0
निराजित,0
निरामय,0
निरमित्र,0
निरंजन,0
निरंकार,0
नीरव,0
निर्भय,0
निर्भीक,0
निर्धार,0
निरेक,0
निरझर,0
निरीक्ष,0
निरीश,0
निर्मल,0
निर्मय,0
निर्मित,0
निर्मोही,0
निरुपम,0
निर्वाण,0
निषाद,0
निशिकार,0
निशिकांत,0
निशानाथ,0
निशांत,0
निशार,0
निशात,0
निश्छल,0
निशेष,0
निशेष,0
निशिकांत,0
निशील,0
निशिनाथ,0
निशीथ,0
निष्कर्ष,0
निःशोक,0
निस्सीम,0
निसयानथन,0
नितीश,0
नितेश नितिन,0
नितीश,0
नित्यगोपाल,0
नित्यानंद,0
नित्यंता,0
नित्य-सुंदर,0
निवेध,0
निवृत्ति,0
नृदेव,0
नृप,0
नृपेंद्र,0
नृपेष,0
नृपाध,0
ोबलेश,0
ोहस,0
ोजल,0
ओजस,0
ोजयित,0
ॐ,0
ोमा,0
ओमानंद,0
ओमर,0
ोमेसा,0
ोमेश,0
ोमेश्वर,0
ओमकार,0
ओमकारनाथ,0
ओमपति,0
ओमप्रकाश,0
ओमस्वरूप,0
ोनी,0
ूजम,0
ऊर्जित,0
ओरियन,0
पाण्डु,0
पांडुरंग,0
पाणिनी,0
पारब्रह्म,0
पार्थ,0
पार्थिव,0
पावक,0
पावन,0
पदम्,0
पद्म,0
पद्मबन्धु,0
पद्मधर,0
पद्महस्ता,0
पद्मज,0
पद्माकर,0
पद्मकांत,0
पदमल,0
पद्मलोचन,0
पद्मं,0
पद्मनाभा,0
पद्मपाणि,0
पद्मपति,0
पद्मायनी,0
पद्मेश,0
पद्मिनीश,0
पहल,0
पाखी,0
पक्ष,0
पक्षी,0
पालक,0
पलाश,0
पलशरांजन,0
पालिन,0
पल्लब,0
पल्लव,0
पनव,0
पंचानन,0
पांचाल,0
पंचवक्त्र,0
पंढरी,0
पंडिता,0
पांडुरंगा,0
पंड्या,0
पंकज,0
पंकजलोचना,0
पंकजन,0
पंकजीत,0
पन्ना,0
पन्नालाल,0
पत्र-गेश,0
पांशुल,0
पराग,0
पराशर,0
पराक्रम,0
परम,0
परमानंदा,0
परमार्थ,0
परमेश,0
परमेश्वर,0
परम-हंस,0
परमजीत,0
परमजीत,0
परंजय,0
परन्तप,0
पारस,0
पराशर,0
परशुराम,0
परस्मै,0
परात्परा,0
परावसु,0
परीस,0
परेश,0
परेशा,0
परिघोष,0
पारिजात,0
परिकेट,0
परीक्षित,0
परिमल,0
परिन्द्र,0
परितोष,0
पैरिश,0
परमार्थ,0
परमीत,0
परमेश,0
पर्णाद,0
पर्नल,0
पर्णिक,0
पार्थ,0
पार्था,0
पार्थप्रतिम,0
पार्थसारथी,0
पार्थिव,0
पर्वत,0
पर्वतेश्वर,0
पार्वतीनन्दन,0
प्रवेश,0
पशुनाथ,0
पशुपति,0
पतग,0
पटकीं,0
पथिक,0
पाठिं,0
पटोज,0
पात्र,0
पौरव,0
पावक,0
पवन,0
पवनज,0
पवनकुमार,0
पवनसुत,0
पवनपुत्र,0
पवित्र,0
पायस,0
पयोद,0
पीताम्बर,0
पीयूष,0
पहलाज,0
फलक,0
फाल्गुन,0
पहनी,0
फणिनाथ,0
फणीन्द्र,0
फणीश्वर,0
फुलेंदु,0
पिकी,0
पिनाक,0
पिंगल,0
पिनाकिन,0
पीताम्बर,0
पियाली,0
पियूष,0
पूनिश,0
पूर्ण,0
पूर्णचन्द्र,0
पूर्णानंद,0
पूर्व,0
पूर्वज,0
पौधं,0
प्रबल,0
प्रभाकर,0
प्रभंजन,0
प्रभास,0
प्रभात,0
प्रभाव,0
प्रभावी,0
प्रभु,0
प्रबुद्ध,0
प्रबीर,0
प्रबोध,0
प्रबोधन,0
प्रचेत,0
प्रचेता,0
प्रचुर,0
प्रदर्श,0
प्रदीप,0
प्रधि,0
प्रद्नेश,0
प्रदोष,0
प्रद्योत,0
प्रद्युम्ना,0
प्रड्यूं,0
प्रफुल,0
प्रफुल्ला,0
प्रागदीश,0
परगने,0
प्रागन्य,0
प्रगुण,0
प्रयत्न,0
प्रह्लाद,0
प्रह्लाद,0
प्रहल्लाद,0
प्रजापति,0
पराजित,0
प्रजेश,0
परजिन,0
पराजित,0
प्रज्वल,0
प्रज्वला,0
प्रकाश,0
प्रकट,0
प्रकट,0
प्रखर,0
प्राकृत,0
प्रकुल,0
प्रमथ,0
प्रमेश,0
परमिट,0
प्रमोद,0
प्रमोदन,0
परमसु,0
प्रमुख,0
प्राण,0
प्राण,0
प्राणद,0
प्रणव,0
प्रणव,0
प्रणय,0
प्रानील,0
प्रणेश,0
प्रणेत,0
प्राणी,0
प्रणीत,0
प्रांजल,0
प्राणजीवन,0
प्रंकित,0
प्राणनाथ,0
प्रांशु,0
प्रांशु,0
प्राणसुख,0
प्रसाद,0
प्रसन्ना,0
प्रसता,0
प्रसेनजित,0
प्रशम,0
प्रशंसा,0
प्रशांत,0
प्रश्रय,0
प्रसून,0
प्रासुक,0
प्रताप,0
प्रतीप,0
प्रतीश,0
प्रतीत,0
प्रथम,0
प्रथमेश,0
प्रतिक,0
प्रतोष,0
प्रतुल,0
प्रत्युष,0
प्रवण,0
प्रवर,0
प्रवीण,0
प्रवीर,0
प्रवीण,0
प्रवीर,0
प्रवित,0
प्रयाग,0
प्रीतम,0
प्रीतिदत्त,0
प्रीतिवर्धन,0
प्रेम,0
प्रेमळ,0
प्रेमानंद,0
प्रेमेन्द्र,0
प्रेरित,0
प्रेतवन,0
परिभक्त,0
परिणा,0
परिणीत,0
परिणीता,0
प्रीतम,0
प्रितेश,0
प्रीतिश,0
पृथु,0
पृथ्वी,0
पृथ्वी,0
पृथ्वीराज,0
प्रतिष्,0
परिव्रता,0
प्रियांक,0
प्रियदर्शन,0
प्रियदर्शी,0
प्रियका,0
प्रियल,0
प्रियनेष,0
प्रियंवद,0
प्रियरंजन,0
प्रियेश,0
पृथिवी,0
पूजन,0
पुखराज,0
पुलक,0
पुलकेश,0
पुलिन,0
पुलकित,0
पुंडलिक,0
पुनीत,0
पुनीत,0
पुराहन,0
पराजित,0
पुराण,0
पुरंदर,0
पुरंजय,0
पूर्व,0
पूर्णनाड़ा,0
पुर्णेन्दु,0
पुरोहित,0
पुरषोत्तम,0
पुरु,0
पुरुजित,0
पुरुमित्र,0
पुरुरवा,0
पुरुषोत्तम,0
पुसन,0
पुष्कल,0
पुष्कर,0
पुष्प,0
पुष्पद,0
पुष्पक,0
पुष्पकर,0
पुष्पकेतु,0
पुष्पाज,0
पुष्पेंद्र,0
पुष्पेश,0
पुष्प-मित्र,0
पुसकरा,0
प्यारेलाल,0
प्यारेमोहन,0
रही,0
राजा,0
राजीव,0
राजीवलोचन,0
राज्यश्री,0
राका,0
राकेश,0
राम,0
रामानुज,0
रामदत्त,0
रचित,0
राधाकांत,0
राधाकृष्ण,0
राधावल्लभ,0
राधेश,0
राधेश्याम,0
राधेय,0
रधिया,0
राघव,0
राघवेंद्र,0
रघबीर,0
रघु,0
रघुकुमरा,0
रघुनन्दन,0
रघुनाथ,0
रघुपति,0
रघुवीर,0
रहस्य,0
राहुल,0
रैवता,0
राज,0
राजा,0
राजन,0
रजनीश,0
रजनीश,0
रजनी,0
रजनीकांत,0
राजस,0
रजत,0
राजता,0
राजतनभी,0
रजतशुभ्रा,0
राजदीप,0
राजीव,0
राजेंद्र,0
राजेन्द्रकुमार,0
राजेंद्रमोहन,0
राजेश,0
राजहंस,0
राजित,0
राजीव,0
राजकुमार,0
राजू,0
राजुल,0
राज्येश्वर,0
राकेश,0
रक्षण,0
रक्तकमल,0
राम,0
रामदीप,0
रमाधुता,0
रमाकांत,0
रमाकांता,0
रामकृष्ण,0
रमन,0
रामानुज,0
रामानुजा,0
रामाश्रय,0
रामावतार,0
रामचंद्र,0
रामदास,0
रमेश,0
रामेश्वर,0
रामगोपाल,0
रामकिशोर,0
रामकृष्ण,0
राममोहन,0
रामनाथ,0
रामप्रसाद,0
रामप्रताप,0
रामोजी,0
राम्रा,0
रामरतन,0
रामस्वरूप,0
राणा,0
रणदेव,0
रनजय,0
रणजीत,0
रणक,0
रैंड,0
रणधीर,0
गणेश,0
रंगना,0
रंगनाथ,0
रंजन,0
रंजय,0
रंजीत,0
रंजीव,0
रंतिदेव,0
रणवीर,0
रास,0
रसराज,0
रासबिहारी,0
रसेश,0
रश्मि,0
रसिक,0
रसमरू,0
रसना,0
रतन,0
रतननभा,0
रातश,0
रथिन,0
रतीश,0
रत्नाभू,0
रत्नाकर,0
रत्नानिधि,0
रत्नेश,0
रतुल,0
रौनक,0
रवींद्र,0
रैवेन,0
रवि,0
रविकीर्ति,0
रविकिरण,0
रविनंदन,0
रविंद्र,0
रविन्शु,0
रविश,0
रवीशरण,0
रविषु,0
रवित,0
रे,0
रायीरथ,0
रेबाँटा,0
रेनॉड,0
रेनेश,0
रेशम,0
रेवंथ,0
रिचान,0
रिद्धिमान,0
ऋग्वेद,0
रिजु,0
रिजुल,0
रिमों,0
रिपु,0
रिपुदमन,0
ऋषब,0
ऋषभ,0
ऋषि,0
ऋषिक,0
ऋषिकेश,0
ृषिट,0
रिश्वंजस,0
रितेश,0
रितिक,0
रीती,0
रितुल,0
ऋतुराज,0
ऋत्विक,0
रोचक,0
रोचन,0
रोचक,0
रोहन,0
रोहनलाल,0
रोहिन,0
रोहिनिर्माण,0
रोहिनीश,0
रोहित,0
रोहितास्व,0
रोहतक,0
रोमिला,0
रोमिर,0
रौनक,0
रोनित,0
रूपक,0
रूपेश,0
रोशेर,0
रोशन,0
रुचिर,0
रूद्र,0
रूद्र,0
रुद्रप्रिया,0
रहन,0
रुजुल,0
रुक्म,0
रुक्मिनेष,0
रूपक,0
रूपंग,0
रूपेंद्र,0
रुपेश,0
रूपेश्वर,0
रूपिन,0
ऋषभ,0
ृशं,0
ऋषीक,0
रुशील,0
रुस्तम,0
ृतजीत,0
ृतजीत,0
ऋतेश,0
ृत्व,0
रविजु,0
सागर,0
साकार,0
सांझ,0
सारस,0
सातत्य,0
सात्विक,0
सबल,0
सभ्य,0
सब्यसाची,0
सबरंग,0
सच,0
सच्चिदानंदा,0
सच्चित,0
सचेत,0
सचेतन,0
सचिन,0
साचिश,0
सचित,0
सचिव,0
षडबिन्दु,0
सदानंद,0
सदर,0
सदाशिव,0
सदाशिव,0
सदविर,0
साडीपन,0
सद्गुण,0
साधन,0
साधिल,0
सदैव,0
सदृ,0
सफल,0
सफर,0
सगण,0
सागर,0
सागरदत्त,0
सगुन,0
सगुणा,0
सहज,0
सहर,0
सहारा,0
सहर्ष,0
सहस,0
सहस्राद,0
सहस्त्रबाहु,0
सहस्त्रजित,0
सहस्य,0
सेहत,0
सहाय,0
सहदेव,0
सहन,0
साहिब,0
साहिल,0
सहिष्णु,0
साई,0
सेअम्रतया,0
साईचरण,0
साईदीप,0
सैजीवधरा,0
साइकलकाला,0
साईकिरण,0
सैलादेव,0
साईनाथ,0
साईप्रसाद,0
सैप्रताप,0
साई सत्पुरुष,0
सजल,0
साजन,0
सजीव,0
सजीव,0
सज्जन,0
साजु,0
सकलेश्वर,0
सकाश,0
साकेत,0
सकथारमन,0
सक्षम,0
सक्षम,0
सालारजंग,0
सलज,0
सलिल,0
स्लोकः,0
समाः,0
समबाशिव,0
समाज,0
समजस,0
समक्ष,0
सामन्यु,0
समर,0
समरेंद्र,0
समरेन्दु,0
समरजीत,0
समर्पण,0
समर्थ,0
समवर्त,0
साम्बरान,0
संभा,0
संभव,0
संबित,0
संबोध,0
सम्बुद्ध,0
समदर्शी,0
समीप,0
समीर,0
समें,0
समेंदु,0
समक्ष,0
संहिता,0
समय,0
समीक,0
ज़मीन,0
समीर,0
सम्मेद,0
सम्पदा,0
सम्पूर्ण,0
सम्राट,0
समृद्ध,0
संस्कार,0
संस्कार,0
समुद्र,0
समुद्रगुप्त,0
समुद्रसेन,0
संवर,0
सम्यक,0
सनातन,0
सनत,0
सनातन,0
संचय,0
संदीप,0
संदीपन,0
सन्देश,0
संहिता,0
संजय,0
संजीव,0
संजीत,0
संजीव,0
संजीवन,0
संजोग,0
संकरा,0
संकल्प,0
संकर्षण,0
संकेत,0
संकुल,0
संनाथ,0
संनिभ,0
सन्निधि,0
संनिगढ़,0
सनोबर,0
संश्रय,0
संस्कार,0
संतान,0
संतोष,0
सानुराग,0
सांवरिया,0
संयोग,0
सपन,0
सप्रथः,0
सप्तजित,0
सप्तांशु,0
सरना,0
सारंग,0
सरल,0
सारांश,0
सरस,0
सरसी,0
सरसिजा,0
सारस्वत,0
सरत,0
सरवाना,0
सरयू,0
सरबजीत,0
सर्बानी,0
सरगम,0
सरीन,0
सारीश,0
सरित,0
सरंगिन,0
सरोजिन,0
सरताज,0
सार्थक,0
सरूप,0
सर्व,0
सरवाड़,0
सर्वदमन,0
सर्वदेव,0
सर्वाधारिन,0
सर्वाग,0
सर्वागंय,0
सर्वक,0
सर्वम्भ,0
सर्वं,0
सर्वांग,0
सर्वपालका,0
सर्वाशय,0
सर्ववास,0
सर्वेंद्र,0
सर्वेश,0
सर्वेश्वर,0
सर्वर,0
सशांग,0
सशरीक,0
शाश्वत,0
ससि,0
सस्मित,0
सस्ता,0
सतदेव,0
शतमन्यु,0
सतानंद,0
सतयु,0
सतीन्द्र,0
सतीश,0
साथी,0
साटन,0
सतीनाथ,0
सतिंद्र,0
सतीश,0
सतकरतार,0
सतपाल,0
सत्पति,0
सत्राजित,0
सत्रुइजत,0
सत्वमोहन,0
सात्वत,0
सतवीर,0
सात्विक,0
सतविंदर,0
सत्य,0
सत्यदर्शी,0
सत्यदेव,0
सत्यजीत,0
सत्यक,0
सत्यकाम,0
सात्यकि,0
सत्यम,0
सत्यमूर्ति,0
सत्यनारायण,0
सत्यांकर,0
सत्यप्रकाश,0
सत्यप्रिय,0
सत्यशील,0
सत्यश्रवा,0
सत्यवान,0
सत्यवाचे,0
सत्यव्रत,0
सत्येंद्र,0
सौबल,0
सौभद्र,0
सुमित,0
सौमित्र,0
सौमित्र,0
सौम्य,0
सङक,0
सौरभ,0
सौरव,0
सुरज्येश,0
सवा,0
सवार,0
सवीर,0
सावित,0
सवितश्री,0
सवितेन्द्र,0
सव्य,0
सव्यसाची,0
सावन,0
सीमान्ता,0
सेखर,0
सेल्वा,0
सेना,0
सेनजित,0
सेंथिल,0
सेतु,0
सेवा,0
सेवक,0
शान,0
शांडिल्य,0
शांत,0
शाराव,0
शार्दुल,0
शाश्वत,0
शाबर,0
शादाब,0
शगुन,0
शहलद,0
शैल,0
शैलधर,0
शैलेन्द्र,0
शैलेश,0
शक्ति,0
शक्तिधर,0
शकुनि,0
शकुन्त,0
शाक्यसिंह,0
शिलांग,0
शालिग्राम,0
शालिक,0
शालीन,0
शालीन,0
शाल्मली,0
शल्य,0
शामक,0
श्यामकर्ण,0
शाम्भवी,0
शम्भू,0
शमीक,0
शमी,0
शमिंद्र,0
शमिता,0
शम्स,0
सहने,0
शानदार,0
शंकर,0
शंकर्षण,0
शंकधर,0
शंख,0
शंखपानी,0
शंखी,0
शंखिन,0
शंकर,0
षण्मुख,0
शंसा,0
शंतानव,0
शांतनु,0
शांतशील,0
शान्तिदेव,0
शांतिमय,0
शांतिनाथ,0
शांतिप्रकाश,0
शंयु,0
शरद,0
शरदचंद्र,0
शरदेन्दु,0
शरण,0
शारंग,0
शरत,0
शार्दुल,0
श्री,0
शरू,0
शर्वरीष,0
शशांक,0
शशी,0
शशि,0
शशिभूषण,0
शशिधर,0
शशिकांत,0
शशिकार,0
शशिकिरण,0
शशिमोहन,0
शशिन,0
शशिपुष्पा,0
शशिश,0
शशिशेखर,0
शाश्वत,0
साश्रिति,0
शाश्वत,0
शतानीक,0
शतायु,0
शतद्रु,0
शतरूपा,0
शतजित,0
शाट-मन्यु,0
शाट-पद्म,0
शत्रुघ्न,0
शत्रुघ्न,0
शत्रुजीत,0
शत्रुंजय,0
शेट्टेश,0
शौकीन,0
शायना,0
शौनक,0
सौरव,0
शौरी,0
शौर्य,0
शे,0
श्रीहन,0
शैल,0
शेखर,0
शेसनंद,0
शेष,0
शेषधर,0
शेवंतीलाल,0
शीभ्यां,0
शीघ्र,0
शिखण्डिन,0
शिखर,0
शिलांग,0
शीलेन्द्र,0
शिलिश,0
शिनयु,0
शिंजन,0
शिपरिस्त,0
शिरडी प्रसाद,0
शिरीष,0
शिरोमणि,0
शिशिर,0
शीशीरचन्द्र,0
शिशिरकना,0
शिशिरकुमार,0
शिशुपाल,0
शिशुल,0
क्षितिज,0
शितिकंठ,0
शिव,0
शिवदेव,0
शिवम्,0
शिवानंद,0
शिवनाथ,0
शिवांक,0
शिवांश,0
शिवस,0
शिवासुनु,0
शिवेन,0
शिवेंद्र,0
शिवेंदु,0
शिवेश,0
शिवेश्वर,0
शिवकुमार,0
शिवलाल,0
शिवराज,0
शिवराम,0
शिवशंकर,0
शिवशेखर,0
श्लेष,0
श्लोक,0
शोभन,0
शूर,0
शूरा,0
शूरसेन,0
शोभित,0
श्रवण,0
श्रवण,0
श्रवणकुमार,0
श्रेय,0
श्री,0
श्रीधर,0
श्रीहर्ष,0
श्रीकांत,0
श्रीकृष्ण,0
श्रीकुमार,0
श्रीकुमार,0
श्रीमान,0
श्रीप्रिया,0
श्रीपुष्प,0
श्रीरंग,0
श्रीश,0
श्रीवल्लभ,0
श्रेणिक,0
श्रेष्ट,0
श्रेष्ठ,0
श्रेस्ठी,0
श्रेय,0
श्रेयांक,0
श्रेयांश,0
श्रेयस,0
श्रेयस,0
श्रेयश,0
श्रीदा,0
श्रीधर,0
श्रीगोपाल,0
श्रीहन,0
श्रीहरि,0
श्रीकांत,0
श्रीकर,0
श्रीकेशव,0
श्रीकृष्ण,0
श्रीकुमार,0
श्रीमत,0
श्रीमती,0
श्रीमोहन,0
श्रीनन्द,0
श्रीनाथ,0
शृंगेश,0
श्रीनिकेतन,0
श्रीनिवास,0
श्रीपद,0
श्रीपद्मा,0
श्रीपाल,0
श्रीपति,0
श्रीराम,0
श्रीरंगा,0
श्रीरंजन,0
श्रीश,0
श्रीशा,0
श्रीवरह,0
श्रीवर्धन,0
श्रीवास,0
श्रीवत्स,0
श्रीयदिता,0
श्रियंस,0
श्रुतकीर्ति,0
शुभेन्द्र,0
शुभांग,0
शुभंकर,0
शुभाशीष,0
शुभ,0
शुभाक्ष,0
शुभं,0
शुभय,0
शुभेंदु,0
शुभोजित,0
शुभ्रांशु,0
शुद्धशील,0
शुक,0
शुक्ल,0
शुक्र,0
शुक्तिज,0
शुलभ,0
शूलंधर,0
शुलिन,0
सुना,0
शुशील,0
शवन्त,0
श्वेताम्बर,0
श्वेतांग,0
श्वेतांक,0
श्वेतांशु,0
श्वेतवः,0
श्वेताम्बर,0
श्वेतांशु,0
श्वेतभनु,0
श्याम,0
श्यामक,0
श्यामल,0
श्यामांतक,0
श्यामसुन्दर,0
सिअमक (और श्यामक),0
सिदक,0
सिद्ध,0
सिद्धदेव,0
सिद्धनाथ,0
सिद्धांत,0
सिद्धार्थ,0
सिद्धेश,0
सिद्धेश्वर,0
सिद्धराज,0
सिद्दिद,0
सिहं,0
सिकंदर,0
सिमृत,0
स्मृता,0
सिंधु,0
सिंधुनाथ,0
सिन्हा,0
सिंहग,0
सिंहवाहन,0
सिराज,0
सीताकांत,0
सितांशु,0
सीताराम,0
सिटीकंठा,0
सिवन्ता,0
स्कन्द,0
समरजीत,0
स्मरण,0
स्मृतिमान,0
सनेगें,0
स्नेहकांत,0
स्नेहल,0
स्नेहिल,0
स्नितिक,0
सोहल,0
सोऽहं,0
सोहन,0
सोहिल,0
सोकनाथं,0
सोलेइल,0
सोम,0
सोमदेव,0
सोमाली,0
सोमांश,0
सोमांशु,0
सोमशेखर,0
सोभासिन्धु,0
सोमबीर,0
सोमेंद्र,0
सोमेश,0
सोमेश्वर,0
सोमिल,0
संकर,0
सोमनाथ,0
सोमप्रकाश,0
सोनित,0
सोपान,0
सोमवा,0
सौमिल,0
सौरभ,0
सौरादीप,0
सौरीश,0
स्पर्श,0
श्रीगण,0
श्रीवालसँ,0
सरीअश्विन,0
सृजनष,0
श्रीचैतरा,0
श्रीदत्त,0
श्रीधर,0
श्रीहित,0
सृजन,0
श्रीकांत,0
श्रीनिवास,0
श्रीराम,0
श्रीवार,0
श्रीवत्साव,0
स्तव्य,0
स्थविर,0
स्थिर,0
स्तोतृ,0
सुबाहु,0
सुबल,0
सुबलि,0
सुबंधु,0
सुबीर,0
सुभद्र,0
सुभग,0
सुभान,0
सुभंग,0
सुभास,0
सुभाष,0
सुभेंदु,0
सुबिनय,0
सुबोध,0
सुब्रह्मण्य,0
सुब्रमणि,0
सुचन्द्र,0
सुचेत,0
सचिन,0
सुचिर,0
सूचित,0
सुदलाई,0
सुदामा,0
सुदर्शन,0
सुदय,0
सुदीप,0
सुदीप्त,0
सुंदेशा,0
सुदेव,0
सुदेवा,0
सुधाकर,0
सुधामय,0
सुधंग,0
सुधांशु,0
सुधांसु,0
सुधन्वान,0
सुधेंद्र,0
सुधींद्र,0
सुधीर,0
सुधीश,0
सुधित,0
सुदीप,0
सुदीर,0
सुगंध,0
सुगता,0
सुघोष,0
सुग्रीव,0
सुहास,0
सुहृत,0
सुहृदा,0
सुजल,0
सूजन,0
सुजश,0
सुजात,0
सुजय,0
सुजेन्द्रन,0
सुजीत,0
सुका,0
सुकान्त,0
सुकांता,0
सुकर्मा,0
सुकर्माण,0
सुकुमार,0
सुकेतु,0
सुखजट,0
सुखाकर,0
सुखमय,0
सुखशक्त,0
सुखदेव,0
सुखेश,0
सुखवंत,0
सुक्रान्त,0
सुकृत,0
सुकुमार,0
सुकुमारा,0
सुकुमारन,0
सुलभ,0
सुललित,0
सुलेख,0
सुलोच,0
सुलोचन,0
सुमधुर,0
सुमन,0
सुमंगल,0
सुमंत,0
सुमन्तु,0
सुमन्यु,0
सुमतिनाथ,0
समय,0
सुमेद,0
सुमेध,0
सुमीत,0
सुमेरु,0
सुमित,0
सुमित्र,0
सुमित्रानंदन,0
सुमुख,0
सुनन्द,0
सुनाम,0
सुनंदन,0
सुनार,0
सुनाशी,0
सुने,0
सुन्दर,0
सूंदर,0
सुनीत,0
सुनील,0
सुनिर्मळ,0
संजीव,0
सुपर्ण,0
सुपाश,0
सुप्रभात,0
सुप्रकाश,0
सुप्रसन्ना,0
सुप्रतीक,0
सुप्रतिम,0
सुप्रीत,0
सुर,0
सुराधीश,0
सुरदीप,0
सुरगन,0
सूरज,0
सुरजीत,0
सुरजीव,0
सुरम्य,0
सुरन,0
सुरंजन,0
सुररिहं,0
सुरस,0
सुरभुप,0
सूरदास,0
सुरदीप,0
सुरेन,0
सुरेंद्र,0
सुरेश,0
सुरेश्वर,0
सूरी,0
सुरजीत,0
सुरनाथ,0
सुरूप,0
सुरुष,0
सूर्य,0
सूर्यभान,0
सूर्यदेव,0
सूर्यकांत,0
सुर्यांशु,0
सूर्यप्रकाश,0
सूर्यशंकर,0
सूर्यांश,0
सूर्येश,0
ससद्ध,0
सुसान,0
सुसेन,0
सुशांत,0
सुषेण,0
सुषिर,0
सुशिल,0
सुशीम,0
सुशोभन,0
सुश्रुत,0
सुतंतु,0
सुतापा,0
सुतरा,0
सतेज,0
सुतीर्थ,0
सुतोष,0
सुतोय,0
सुवन,0
सुवर्ण,0
सुवास,0
सुवेल,0
सुविध,0
सुविमल,0
सुवीर,0
सुव्रता,0
सूयमुन,0
सुयति,0
सुयश,0
स्वामिन,0
स्वामीनाथ,0
स्वांग,0
स्वनिक,0
स्वर,0
स्वराज,0
स्वर्ग,0
स्वर्ण,0
स्वरपेटी,0
स्वयंभू,0
स्वयंभूत,0
स्वाधीन,0
स्वागत,0
स्वजीत,0
स्वामी,0
स्वामीनाथ,0
स्वपन,0
स्वप्नेश,0
स्वप्निल,0
स्वराज,0
स्वरित,0
स्वर्णिम,0
स्वर्णपूरीश्वरा,0
स्वरुप,0
स्वस्तिक,0
स्वतंत्र,0
स्वयंभू,0
श्वेतकेतु,0
स्वेतांक,0
स्वेथन,0
स्यमन्तक,0
स्यों,0
स्यूं,0
तारक,0
तहा,0
ताहिर,0
टहोमा,0
ताजदार,0
टैक्स,0
तक्षा,0
तक्षक,0
तक्षिल,0
तालकेतु,0
तलाक,0
तलीन,0
तालिश,0
तमाल,0
तामस,0
तमिल,0
तमिश,0
टंकीणत,0
तमोघ्ना,0
तमोनाश,0
ताम्रा,0
तना,0
तनक,0
तनाव,0
तनय,0
तनिश,0
तनिष्क,0
तन्मय,0
तनुज,0
तनुल,0
तंदीप,0
तनवीर,0
तपन,0
तापस,0
तपसेन्द्र,0
तपसरंजन,0
तपेंद्र,0
तपोमय,0
तपोराज,0
ताराचंद,0
ताराचंद्र,0
तराधीश,0
तारक,0
तारकेश,0
तारकेश्वर,0
तारकनाथ,0
तरकश,0
तरल,0
तरन,0
तरंग,0
तरनि,0
तारप्रसाद,0
तरेंद्र,0
तारेश,0
तारिक,0
तरित,0
तरोष,0
तरु,0
तरसा,0
तरुण,0
तरुणतापन,0
तथागत,0
तथराज,0
तात्या,0
टौतिक,0
तविष,0
तीर्थ,0
तीर्थंकर,0
तेजल,0
तेजस,0
तेजेश्वर,0
तेजोमय,0
ताकर्षी,0
ठाकुर,0
थमन,0
ठवनेश,0
तिजील,0
तिलक,0
तिमिन,0
टिम्मी,0
टिमोथी,0
तिररानन्द,0
तीर्थंकर,0
तीर्थयाद,0
तिरुमला,0
तिरुपति,0
तिसयकेतु,0
तितिर,0
तोषण,0
टॉय,0
तोयेश,0
त्रिलोकवा,0
त्रियम्बक,0
त्रिभुवन,0
त्रिदेव,0
त्रिधामान,0
त्रिधात्री,0
त्रिदिब,0
त्रिदिवा,0
त्रिगुण,0
त्रिज्या,0
त्रीजल,0
तरीके,0
त्रिलोचन,0
त्रिलोक,0
त्रिलोकचंद,0
त्रिलोकेष,0
त्रिलोकनाथ,0
त्रिमान,0
त्रिमूर्ति,0
तृणाभ,0
त्रिनाथ,0
त्रिनयन,0
त्रिपुरजित,0
त्रिपुरारी,0
त्रिशन,0
त्रिशंकु,0
त्रिशर,0
त्रिशूल,0
त्रिशूलंक,0
त्रिशूलीन,0
त्रिविक्रम,0
तूफान,0
तुहिन,0
तुहिंसुर्रा,0
तुका,0
तुकाराम,0
तुलसीकुमार,0
तुलसीदास,0
तुनवा,0
टुंडा,0
तुंगनाथ,0
टुंगर,0
चंगेश,0
तुंगेश्वर,0
तुंगीश,0
तुरग,0
तुर्वसु,0
तुषार,0
तुषारकान्ति,0
तुषारसुवरा,0
तुस्य,0
तुविद्युम्ना,0
तुविजत,0
त्यागराज,0
त्यागराज,0
उदय,0
उदयन,0
उद्भव,0
उद्धव,0
ुदीप,0
उदित,0
ुजेश,0
उज्जवल,0
उल्हास,0
ुमचंद्र,0
उमाकांत,0
उमंग,0
उमेश,0
उन्मेष,0
उपांशु,0
उपेंद्र,0
ूशपति,0
उत्तम,0
उत्कर्ष,0
उत्पल,0
वाचस्पति,0
वागीश,0
वाक्पति,0
वाल्मीकि,0
वामन,0
वामदेव,0
वाणी,0
वासवदत्ता,0
वासुकि,0
वात्स्यायन,0
वायु,0
वचन,0
वाचस्पति,0
वादीश,0
वागिन्द्र,0
वागीश,0
वहीँ,0
वैभव,0
वैद्यनाथ,0
विजयी,0
वैजनाथ,0
वैकर्तन,0
वैखान,0
वैकुण्ठ,0
वैकुण्ठनाथ,0
वैणवीं,0
वैराज,0
वैराजा,0
विराट,0
वैरिन्च्या,0
वैरोचन,0
वैसाक,0
विशांत,0
वैष्णव,0
वैश्वानर,0
वैवस्वत,0
वाजसनि,0
विजेंद्र,0
वज्रांग,0
वज्रबाहु,0
वज्रधर,0
वज्रहस्त,0
वज्रजित,0
वज्रकाय,0
वज्रमणि,0
वज्रपाणि,0
वज्रिण,0
वक्रभुज,0
वक्रतुण्ड,0
वलाक,0
वल्लभ,0
वाल्मीकि,0
वामा,0
वामदेव,0
वामसी,0
वंशीधर,0
वंसीकृष्ण,0
वनबिहारी,0
वनद,0
वनदेव,0
वनजीत,0
वनमालिन,0
वंदन,0
वंही,0
वाणिज्य,0
वञिनिध,0
वनमाली,0
वनराज,0
वंश,0
वंशीधर,0
वारिद,0
वारीद्वारान,0
वरीय,0
वारेन्द्र,0
वराह,0
वराहमिहिर,0
वरदान,0
वरद,0
वरदराज,0
वरना,0
वर्धमान,0
वर्धन,0
वर्ष,0
वरेश्वर,0
वारिज,0
वर्जिन,0
वरिंद्र,0
वरिष्ठ,0
वरियस,0
वरतनु,0
वरुण,0
वरुणेश,0
वसंत,0
वसंतमालिका,0
वास्तव,0
वसावज,0
वशिष्ट,0
वसिस्थ,0
वसु,0
वासुदेव,0
वासुकि,0
वसुमान,0
वसुमत,0
वसुमित्र,0
वसुपाती,0
वासुर,0
वासुरूप,0
वसुसेन,0
वातात्मज,0
वातरधारा,0
वत्स,0
वत्सल,0
वत्सपाल,0
वत्सर,0
वाटसन,0
वेदीश,0
वायु,0
वायुजात,0
वयूं,0
वायुनंद,0
वैया,0
वेद,0
वेदांग,0
वेदांत,0
वेदांत,0
वेदप्रकाश,0
वेदात्मन,0
वेदात्मने,0
वेदव्रत,0
वेदभूषण,0
विदेश,0
वेदमोहन,0
वेदव्यास,0
वीर,0
वीरभद्र,0
वीरेंद्र,0
वीरोत्तम,0
वेलन,0
वनवीर,0
वेणी,0
वेणीमाधव,0
वेंकट,0
वेंकटरमणानंदन,0
वेंकटेश,0
वेणु,0
वेदांत,0
विअमर्ष,0
विभाकर,0
विभावसु,0
विभास,0
विभक्त,0
विभावसु,0
विभीषण,0
विभु,0
विभुदेन्द्र,0
विभूमात,0
विभूसनु,0
विभूत,0
विबोध,0
विदर्भ,0
विदेह,0
विधातृ,0
विदेश,0
विधु,0
विद्याधर,0
विदीप,0
विडोजस,0
विदुर,0
विद्वान्,0
विद्वतम,0
विद्यारण्य,0
विद्याचरण,0
विद्याधर,0
विद्यारण्य,0
विद्यासागर,0
विद्युत्,0
विघ्नजीत,0
विघ्नराज,0
विघ्नेश,0
विघ्नेश्वर,0
विग्रह,0
विहान,0
विहंगा,0
विहंग,0
विजय,0
विजयंत,0
विजयराथ्ना,0
विजयेंद्र,0
विजयेश,0
विजयकेतु,0
विजीश,0
विजेंद्र,0
विजेता,0
विजिगीष,0
विजुल,0
विज्वल,0
विकर्णं,0
विकास,0
विकत,0
विकिरण,0
विकेश,0
विक्रम,0
विक्रमादित्य,0
विक्रमजीत,0
विक्रमेन्द्र,0
विक्रमीं,0
विक्रांत,0
विक्सार,0
वैकुण्ठ,0
विख्यात,0
विलास,0
विलोचन,0
विलोहित,0
विलोक,0
विलोकन,0
विमल,0
विमलादित्य,0
विमलमणि,0
विमृद्ध,0
विनायक,0
विनयहस्त,0
विनम्र,0
विनय,0
विनीत,0
विनेश,0
विनिल,0
विनोचन,0
विनोद,0
वीनू,0
विपन,0
विपश्चित,0
विपिन,0
विपिनबिहारी,0
विप्लव,0
विपरीत,0
विपुल,0
वीर,0
विराज,0
विराट,0
वीरभद्र,0
वायरल,0
वीरनाथ,0
विरंचि,0
विराट,0
वीरता,0
वीरभानु,0
वीरेंदर,0
वीरेश,0
वीरेश्वर,0
विरिकवास,0
विरिंचि,0
विरोचन,0
विरुद्ध,0
विरूच,0
विसमक्ष,0
विशाल,0
विशालाक्ष,0
विशाख,0
विशल्या,0
विशांतक,0
विषतां,0
विशेष,0
विशिख,0
विश्नाहपु,0
विष्णाय,0
विष्णु,0
विष्णुदत्त,0
विशोधन,0
विश्राम,0
विश्रेष्ठ,0
विश्व,0
विश्व,0
विश्वदेव,0
विश्वधर,0
विश्वग,0
विश्वहेतु,0
विश्वजीत,0
विश्वकर्मा,0
विश्वकेतु,0
विश्वम,0
विश्वामित्र,0
विष्वनाभ,0
विश्वनाथ,0
विष्वारेतस,0
विश्वात्मा,0
विश्वेश,0
विश्वामित्र,0
विश्वास,0
विश्वजीत,0
विश्वकर्मा,0
विश्वम्भर,0
विश्वामित्र,0
विश्वंकर,0
विश्वरूप,0
विश्वात्मा,0
विश्वेश्वर,0
विस्मय,0
विश्वजीत,0
विस्वायु,0
वीतभय,0
वीतहरया,0
वीतशोकः,0
वितस्ता,0
विठाला,0
वीटोला,0
वित्तानाथ,0
वित्तेश,0
विट्ठल,0
विवान,0
विवान,0
विवश,0
विवस्वत,0
विवात्मा,0
विवेक,0
विवेकानंद,0
वृजकिशोर,0
वृजलाल,0
वृजमोहन,0
व्रजनदान,0
व्रजेश,0
व्रजराज,0
वृतेश,0
वरिसा,0
वरिसग,0
वृषण,0
वरिसंगं,0
वृस्पति,0
वृषभ,0
वृषभ,0
वृषभानु,0
वृषांक,0
वृशिण,0
वरिसिनी,0
व्यान,0
व्यास,0
व्योम,0
व्योमान्ग,0
व्योमदेव,0
व्योमकेश,0
व्योमेश,0
वैष्णव,0
यादव,0
यादवेंद्र,0
यदु,0
यदुनंदन,0
यदुनाथ,0
यदुराज,0
यदुवीर,0
यग्न,0
यज्ञ,0
यज्ञसेन,0
यज्ञेश,0
आज,0
यजत,0
याजनधार,0
यजनरूप,0
याजनेश,0
यक्ष,0
यमहिल,0
यमजीत,0
यंहा,0
आमिर,0
यश,0
यशस,0
यशे,0
यशोदेव,0
यशोधन,0
यशोधर,0
यशपाल,0
यशराज,0
यशवासिन,0
यशवंत,0
एसटी,0
यथावां,0
यतिन,0
यतीन्द्र,0
यतीश,0
यतियासा,0
यत्नेष,0
ययाति,0
यायिन,0
योग,0
योगदेवा,0
योगनिद्रा,0
योगेंद्र,0
योगेश,0
योगराज,0
योगी,0
योगिनाम्पति,0
योगिने,0
योगिनी,0
योगिराज,0
योजित,0
युधाजित,0
युधिष्ठिर,0
युक्ता,0
युवाल,0
युवराज,0
युयुत्सु,0
आभा,1
आभरणा,1
आदर्शिनी,1
आद्या,1
ादिता,1
आद्रिका,1
आह्लादित,1
आहना,1
आकांक्षा,1
आकृति,1
आलोक,1
आमाल,1
ामणि,1
आम्रपाली,1
आनंदमयी,1
आनंदी,1
आनंदिता,1
आँचल,1
आपत्ति,1
ारल,1
आराध्य,1
ारात्रिका,1
आरती,1
ारिका,1
ारिणी,1
ारणा,1
आरोही,1
आरती,1
आरुषि,1
आशा,1
आशालता,1
ाशी,1
आशियाना,1
आशना,1
ाश्नी,1
आश्रितः,1
आस्था,1
ाथमिका,1
आत्मजा,1
आयुषी,1
आभा,1
अभय,1
अभिजात,1
अभिजीत,1
अभिलाषा,1
अभिमानी,1
अभीप्सा,1
अभिरा,1
अभिरि,1
अभिरामि,1
अभिरुचि,1
अभिरूपा,1
अभिसारिका,1
अभीष्ट,1
अभीतः,1
अबिरमि,1
अबला,1
अबोली,1
अचला,1
अचला,1
अचीरा,1
अधीरा,1
अधिश्री,1
आदिशक्ति,1
अदिति,1
ऑडिटरी,1
अद्रिका,1
अद्विका,1
अद्विता,1
अद्वितीय,1
अद्वितीय,1
अड्या,1
अगम्य,1
अघनाशिनी,1
अग्निशिखा,1
अग्रता,1
अग्रिम,1
अगरिया,1
अहल्या,1
अहिंसा,1
आह्लादित,1
ैशनी,1
ऐसी,1
ऐश्वर्या,1
अजा,1
अजा,1
अजला,1
अजय,1
अजिता,1
ाकने,1
आकांक्षा,1
आकाशलीना,1
अखिल,1
अकीरा,1
आकृति,1
अक्षदा,1
यक्षिणी,1
अक्षरा,1
अक्षता,1
अक्षया,1
ाक्षी,1
अक्षिता,1
अकुला,1
आकृति,1
अलैना,1
ालक,1
अलकनंदा,1
अलका,1
अलकनंदा,1
अलंकृता,1
ालडा,1
आलेख्य,1
अलीशा,1
अल्मास,1
अलोकि,1
अलोपा,1
अल्प,1
अल्पना,1
अमल,1
अमला,1
अमलदीपति,1
अमरा,1
अमरिस,1
अम्बा,1
अम्बालिका,1
अम्बर,1
अम्बिका,1
अम्बु,1
अम्बुदा,1
अम्बुजा,1
एमी,1
अमीषा,1
अमिषि,1
अमिता,1
अमिति,1
अमिति,1
अमितज्योति,1
अमित्रसूदन,1
अमिया,1
अमला,1
अमलाङ्कुसुम,1
अम्लिका,1
जम्मू,1
अमोदा,1
अमोदिनी,1
अमोलिका,1
अमूल्य,1
आम्रपाली,1
अमृता,1
अमृतबु,1
अमृतय,1
अमृतकला,1
अमृतरश्मि,1
अमृषा,1
अमृता,1
अंशुला,1
अमुक्त,1
अमूल्य,1
एमवी,1
आना,1
अनामिका,1
अनघा,1
ानगी,1
अनाहिता,1
अनला,1
अनामिका,1
अनमित्र,1
आनंदनी,1
आनंदी,1
अनंदिता,1
आनंदमयी,1
अनंगी,1
अनंता,1
अनंति,1
अनन्य,1
अनर्घ्य,1
अनसूया,1
अंबर,1
अंचल,1
अंचल,1
अंचिता,1
अंडाल,1
अनमोने,1
अंगजा,1
अंगना,1
अंगरिका,1
अनघा,1
अंगिरा,1
अंगूरी,1
आनिअ,1
अनीहा,1
ानिका,1
एनिमा,1
अनिंदिता,1
अनीसा,1
अनिशा,1
अनिष्का,1
अनीता,1
ानिया,1
अंजली,1
अंजलि,1
अंजना,1
अंजनी,1
अंजिका,1
ान्जीनि,1
अंजू,1
अंजुम,1
अंजुश्री,1
अंकल,1
ैंकैयारकांनी,1
अंकिता,1
अंकोलिका,1
अनमोल,1
एना,1
अन्नदा,1
अन्नपूर्णा,1
अन्निका,1
अंनिसा,1
अनोखी,1
आशा,1
अंशी,1
अंशिका,1
अंशिता,1
अंशु,1
अंशुला,1
अंशुमाला,1
अंशुमाली,1
अनसूया,1
अन्तर,1
अंतरिक्ष,1
अनु,1
अनुभूति,1
अनुदीपति,1
अनुग्रह,1
अनुज्ञा,1
अनुजा,1
अनुकम्पा,1
अनुकीर्तन,1
अनुकृति,1
अनुला,1
अनुलता,1
अनुलेख,1
अनुलोम,1
अनुमति,1
अनुमेहा,1
अनुमेहा,1
अनुमिता,1
अनूपा,1
अनुपमा,1
अनुप्रभा,1
अनुप्रिया,1
अनुराधा,1
अनुरागिनी,1
अनुरति,1
अनुष्का,1
अनुश्री,1
अनुत्तर,1
अन्वी,1
अन्विता,1
अन्वेषा,1
अन्विता,1
अन्य,1
अयलनि,1
अपाला,1
अपरा,1
अपराजिता,1
अपर्णा,1
अपरूपा,1
अपेक्षा,1
अपनाया,1
अप्सरा,1
ापुरबा,1
अपूर्व,1
अरसली,1
आराधना,1
आराध्य,1
अरथी,1
अर्चा,1
अर्चना,1
अर्चिनि,1
अर्चिशा,1
अर्चिता,1
आर्द्र,1
अर्घ्य,1
ॅरियन्ना,1
ारीज,1
ारिओना,1
अरजा,1
अर्जुनी,1
आर्किता,1
अर्मिता,1
ार्नी,1
आरोग्यदा,1
अर्पणा,1
अर्पिता,1
अर्शी,1
वर्षा,1
अर्शिया,1
अर्टाना,1
अरुणा,1
अरुंधति,1
आरुणि,1
अरुणिमा,1
आरुषि,1
अरवा,1
आर्य,1
ार्यहि,1
अर्यमा,1
अर्यना,1
असह,1
असावरी,1
असीमा,1
आशा,1
उषाकिरण,1
आशालता,1
अशनि,1
आशावरी,1
आशिका,1
आशिमा,1
अशीरा,1
अशिता,1
अश्लेषा,1
अश्मिता,1
आशना,1
आशना,1
आश्रिता,1
आशु,1
अश्वाभा,1
अश्विन,1
अश्विनी,1
असिता,1
ासकिनी,1
अस्मिता,1
आस्था,1
अस्य,1
अतसी,1
ाठीवा,1
अतिरिया,1
अतिया,1
आत्मजा,1
ात्मिकहा,1
अत्रेयी,1
अतुल,1
ौहना,1
अवाप्या,1
अवनि,1
अवन्ति,1
अवंतिका,1
अवंतिका,1
अवसा,1
अवतारा,1
अविगना,1
अविनाशी,1
अविनाशिका,1
अविशि,1
अवनिजा,1
अवनि,1
अवनिता,1
ायन्ना,1
ायती,1
आयेह,1
आयेशा,1
आयुर्दा,1
आयुषी,1
आयुष्मति,1
बबिता,1
बागेश्री,1
बहुगंधा,1
बहुला,1
बैजंती,1
वैजन्ती,1
भैरवी,1
बका,1
बकुल,1
बकुला,1
बाला,1
बन्धुरा,1
बान्हि,1
बानी,1
बनमाला,1
बननी,1
बंसरी,1
बरखा,1
बर्षा,1
बरुनी,1
बसबि,1
बसंती,1
भविष्य,1
बविष्नी,1
बिना,1
बेल,1
बेला,1
बिल्ली,1
भद्रा,1
भागीरथी,1
भगवन्ती,1
भगवती,1
भाग्यलक्ष्मी,1
भाग्यश्री,1
भाग्यवती,1
भैरवी,1
भक्ति,1
भामिनि,1
भानु,1
भाणुजा,1
भानुमति,1
भानूनी,1
भानुप्रिया,1
भानुसृ,1
भारती,1
भैरवी,1
भूमि,1
भावना,1
भवानी,1
भावी,1
भाविका,1
भाविनी,1
भावना,1
भव्य,1
भावना,1
भीमा,1
भूमि,1
भूमि,1
भृति,1
भूमिका,1
भूपाली,1
भुवना,1
भुवि,1
बिजल,1
बिजली,1
बिजली,1
बिमला,1
बिम्बी,1
बिना,1
बिंधिया,1
बिंदु,1
बिनीता,1
बिपाशा,1
बिशाखा,1
बोधि,1
ब्राह्मणी,1
बृजबाला,1
बृंदा,1
ब्रिटी,1
ब्रिन,1
बुलबुल,1
कॉवेरय,1
छाया,1
चाहना,1
चैरावली,1
चैताली,1
चैताली,1
चैतन्य,1
चैत्र,1
चकोरी,1
चक्रिका,1
चालमा,1
चमन,1
चमेली,1
चंपा,1
चम्पकमला,1
चंचल,1
चंचला,1
चांचरी,1
चंदा,1
चन्दन,1
चांदना,1
चांदनी,1
चंडी,1
चंडिका,1
चंदिनि,1
चंद्र,1
चन्द्रभा,1
चंद्रभागा,1
चंद्रज्योति,1
चन्द्रकला,1
चंद्रकली,1
चंद्रकांता,1
चन्द्रकान्ति,1
चन्द्रकी,1
चंद्रलेखा,1
चंद्रमुखी,1
चन्द्रप्रभा,1
चन्द्रपुष्पा,1
चन्द्रिका,1
चंद्रिमा,1
चने,1
चपला,1
चारा,1
चरिता,1
चर्मिणे,1
चारु,1
चारुलता,1
चरुलेखा,1
चारुमति,1
चरुनेत्र,1
चारुशीला,1
छवि,1
चश्मम,1
चतुरा,1
चौंता,1
चेतना,1
चेतना,1
छवि,1
छव्वी,1
छाया,1
चिन्मयी,1
चिंतनिका,1
चित्र,1
चित्रगंधा,1
चित्राक्षी,1
चित्रलेखा,1
चित्रलि,1
चित्रांगदा,1
चित्रणी,1
चिट्रठी,1
चित्रित,1
चुन्नी,1
दक्ष,1
दाक्षायणी,1
दलजा,1
दामिनी,1
दमयंती,1
दर्पण,1
दर्शन,1
दया,1
दयामयी,1
डायनिता,1
दयिता,1
दबोरा,1
दीपा,1
दीपल,1
दीपाली,1
दीपकला,1
दीपप्रभा,1
दीपवती,1
दीपिका,1
दीपशिखा,1
दीप्त,1
दीप्ति,1
डेटा,1
दीत्या,1
देलीना,1
डेमिर,1
देसना,1
देवकली,1
देवकी,1
देवाकिरी,1
दीवानगी,1
देवांशी,1
देवप्रिया,1
देवश्री,1
देवेशि,1
देवी,1
देविका,1
देविना,1
देविशि,1
देवकन्या,1
देवकी,1
देवमणि,1
देवना,1
देवयानी,1
धनश्री,1
धनिष्ठा,1
धनवंती,1
धन्वी,1
धन्य,1
धन्यता,1
धरा,1
धारिणी,1
धरित्री,1
धरनिथा,1
धरती,1
धरना,1
धात्री,1
धीपथा,1
धिनशशिनी देवी,1
धलरिटी,1
धृति,1
धृति,1
ध्रुवा,1
ध्रुवी,1
ध्रुविका,1
ध्वनि,1
ध्याना,1
द्युति,1
दिगम्बरी,1
दीक्षा,1
दीपाली,1
दीपश्री,1
दीप्ती,1
दिशा,1
दिशि,1
दिशिता,1
दिति,1
दिविजा,1
दिव्या,1
दिव्याना,1
दिव्यांशी,1
दिया,1
द्रौपदी,1
ड्रिसना,1
दृष्टि,1
दृश्य,1
दृस्टि,1
दृश्य,1
दुर्गा,1
दुर्रिया,1
दूर्वा,1
द्युम्ना,1
ड्यूटी,1
इच्छुमति,1
ेधा,1
ईशा,1
ैला,1
ऐरावती,1
ेका,1
एकजा,1
एकनि,1
एकता,1
एकान्तिका,1
एकपर्णिका,1
एकता,1
ेला,1
एलीना,1
एस्वर्य,1
ेश्वरी,1
ेशा,1
एटा,1
फाल्गुनी,1
फोरम,1
फुलकी,1
फुल्लां,1
फूलमाला,1
गजरा,1
गजरा,1
गंधली,1
गणेशा,1
गंगा,1
गंगी,1
गंगीका,1
गणिका,1
गंजन,1
गरती,1
गार्गी,1
गरिमा,1
गौरा,1
गौरी,1
गौरिका,1
गौतमी,1
गायत्री,1
गीत,1
गीता,1
गीति,1
गिना,1
गिन्नी,1
गिरा,1
गिरिबाला,1
गिरिजा,1
गिरिशा,1
गीता,1
गितली,1
गीतांजलि,1
गीताश्री,1
गीतिका,1
गीवा,1
गोदावरी,1
गोदावरी,1
गोमती,1
गोपा,1
गोपी,1
गोपिका,1
गोरमा,1
गोरोचना,1
गौरांगी,1
गौरी,1
ग्रीष्म,1
ग्रीष्म,1
गुल,1
गुलाब,1
गुलिका,1
गुणवती,1
गुनीता,1
गुंजन,1
गुंजिता,1
गुणनिका,1
गुर्जरी,1
गुरपारवीं,1
ज्ञानदा,1
हैमी,1
हैमवती,1
हंसा,1
हंसवाहिनी,1
हंसिनी,1
हंसा,1
हंसमाला,1
हंसिनी,1
हरिबला,1
हरिणाक्षी,1
हरिणी,1
हरिप्रिया,1
हरिता,1
हार्पर,1
हर्षदा,1
हर्षल,1
हरषि,1
हर्षिका,1
हर्षिनी,1
हर्षिता,1
हर्षिका,1
हसीना,1
हसिता,1
हीरा,1
हीरकणी,1
हेमा,1
हेमाद्रि,1
हेमाक्षी,1
हेमल,1
हेमलता,1
हेमांगी,1
हेमांगिनी,1
हमनी,1
हेमंती,1
हेमप्रभा,1
हेमाश्री,1
हेमावती,1
हेमकांता,1
हेमलता,1
हिना,1
हिल्ला,1
हिमा,1
हिमा,1
हिमगौरी,1
हिमजा,1
हिमानी,1
हिना,1
हिंदा,1
हिरल,1
हिरण्मयी,1
होता,1
हितैषी,1
हिय,1
ह्रदिनी,1
हृदय,1
हृथिका,1
हुमा,1
हुमैला,1
हिमा,1
ह्यमावठी,1
िधा,1
इंडिका,1
ीडिट्री,1
यह,1
िहिता,1
िजय,1
िक्षा,1
िक्षिता,1
इक्षुला,1
इकसुरा,1
िला,1
इमानि,1
इनस,1
इनायत,1
इंडलि,1
इंदिरा,1
इन्द्रकांता,1
इन्द्राक्षी,1
इन्द्राणी,1
इंद्रिना,1
िन्दु,1
इंदुजा,1
िन्दुकला,1
िंदुकान्ता,1
इंदुलाल,1
इन्दुलेखा,1
िन्दुमा,1
इंदुमती,1
िन्दुमौलि,1
िन्दुमुखी,1
इंदुप्रभा,1
इनिका,1
िनु,1
िप्सा,1
इप्सिता,1
िरा,1
िराजा,1
इरावती,1
िरित,1
ईशा,1
ईषना,1
इशानी,1
िशनवी,1
इसी,1
इशिता,1
इष्ट,1
ईश्वरी,1
इश्वर्य,1
िष्य,1
आईटीआई,1
ियला,1
जबा,1
जगदम्बा,1
जगदम्बिका,1
जगन्मयी,1
जगन्माता,1
जगन्मोहिनी,1
जगती,1
जाग्रति,1
जाग्रति,1
जगवि,1
जाह्नवी,1
जैन,1
जैशनवी,1
जैतश्री,1
जलाधिजा,1
जलजा,1
जलबला,1
जालपा,1
जलसा,1
जानकी,1
जनकनन्दिनी,1
जननी,1
जानिशा,1
जानकी,1
जनजा,1
जन्य,1
जरुल,1
जैस्मिन,1
जसमीत,1
जासु,1
जसम,1
जसवीर,1
जासृतः,1
जाया,1
जयललिता,1
जयमाला,1
जायँ,1
जायनी,1
जयंती,1
जयप्रभा,1
जयाप्रदा,1
जयश्री,1
जयश्री,1
जयसुधा,1
जयवंती,1
जयिता,1
जेना,1
जायने,1
जीतेशी,1
जीविका,1
जीविता,1
झलक,1
झरना,1
जिगीषा,1
जिगना,1
जिग्नासा,1
जिज्ञासा,1
जिल्पा,1
जिनल,1
जिनिशा,1
जिया,1
जोशीला,1
जोषिता,1
जोशिका,1
जोविता,1
जोवाकि,1
जूही,1
जुई,1
ज्वाला,1
ज्येष्ठा,1
जयना,1
ज्योति,1
ज्योतिका,1
ज्योतिर्मयी,1
ज्योतिर्मयी,1
ज्योतिष्मती,1
ज्योत्स्ना,1
काजल,1
कालका,1
कालंजरी,1
कामाख्या,1
कासनी,1
कादंबरी,1
कादम्बिनी,1
कैरवी,1
किशोरी,1
कज्जली,1
काजोल,1
कजरी,1
काकली,1
काकोली,1
कलाकारनि,1
कालपी,1
कलापिनी,1
कलावती,1
कलिका,1
कालिमा,1
कालिंदी,1
कल्लोल,1
कल्पना,1
कल्याणी,1
कामाक्षी,1
कमलाक्षी,1
कमलिनी,1
कामना,1
कामेश्वरी,1
कामिनी,1
कामना,1
कनका,1
कनकबती,1
कनकलता,1
कनकप्रिया,1
काननबाला,1
कानसू,1
कंचना,1
कंचनप्रभा,1
कैंची,1
की,1
कनिका,1
कनिरा,1
कंजरी,1
कंकालिनी,1
कंकणा,1
कण्णकी,1
कांटा,1
काँटी,1
कनुप्रिया,1
कन्या,1
कन्यका,1
ककसी,1
कपिला,1
कपोतश्रय,1
करबि,1
कराला,1
करलिका,1
करिश्मा,1
करके,1
कर्णप्रिया,1
करतहिएइनी,1
करके,1
करुल,1
करुणा,1
करुणामयी,1
कारुण्य,1
कशी,1
कशिश,1
काशवी,1
कश्विनी,1
काश्यपि,1
कस्तूरी,1
कौमुदी,1
कौसल्या,1
कौशाली,1
कौशल्या,1
कौशिकी,1
कौस्तुभि,1
कौटीर्य,1
कविका,1
कविं,1
कविता,1
कविया,1
कविश्री,1
कवनि,1
काव्य,1
कीर्तन,1
कीर्तन,1
कीर्ति,1
कीर्तिका,1
केनिशा,1
करनी,1
केसर,1
केशी,1
केशिका,1
केशिनी,1
केतकी,1
केवा,1
केयूरी,1
ख़ुशी,1
किमत्र,1
किमया,1
किनारी,1
किरण,1
किरणमला,1
किरणमयी,1
कीरति,1
कीर्तन,1
कीरतमालिनी,1
किशमिश,1
कोमल,1
कोयल,1
कोसी,1
कोशिका,1
क्रांति,1
कृपी,1
कृषि,1
कृषि,1
कृष्णा,1
कृष्णकली,1
कृति,1
कृत्तिका,1
कृपा,1
कृति,1
क्षमा,1
क्षम्य,1
क्षणप्रभा,1
क्षणिका,1
क्षमा,1
क्षम्य,1
क्षीण,1
क्षिप्रा,1
क्षिप्त्वा,1
क्षीराजा,1
क्षीरजा,1
क्षिति,1
क्षितिजा,1
कुहुक,1
कुजा,1
कुमकुम,1
कुमुद,1
कुमुदा,1
कुंडा,1
कुंजल,1
कुंजलता,1
कुंजन,1
कुन्षी,1
कुंतल,1
कुन्तला,1
कुरंगी,1
कुशल,1
कुसुम,1
कुसुमा,1
कुसुमांजलि,1
कुसुमावती,1
कुसुमिता,1
कुसुमलता,1
कूवम,1
कुविरा,1
लाभ,1
लालमणि,1
लास्य,1
लबंगलाता,1
लाबोनी,1
लबुकि,1
लड़ी,1
लाड़ली,1
लघिमा,1
लघुवी,1
लहरिका,1
लाजिता,1
लज्जा,1
लज्जावती,1
लाजवंती,1
लाजवती,1
लाजवंती,1
लाजवती,1
लखि,1
लाक्षा,1
लाक्षकी,1
लक्षण,1
लक्षणया,1
लक्षिता,1
लक्ष्मी,1
लक्ष्मीश्री,1
लक्ष्य,1
ललन,1
ललना,1
लालसा,1
लाली,1
लालिमा,1
ललिता,1
ललितमोहन,1
लारण्य,1
लास्की,1
लता,1
लटकरा,1
लटेंगी,1
लतिका,1
लवली,1
लवंगी,1
लावणी,1
लावण्या,1
लवेनिअ,1
लक्समी,1
लीला,1
लीलामयी,1
लीलावती,1
लेना,1
लेखा,1
लकिशा,1
लोरा,1
लिब्नी,1
लीलावती,1
लिल्लीअन,1
लिल्ली,1
लिपि,1
लिपिका,1
लोचना,1
लोहिणी,1
लोकजननि,1
लोकमात्रि,1
लोला,1
लोलकसी,1
लोलिता,1
लोना,1
लोपा,1
लोपामुद्रा,1
लौक्य,1
लुकिअ,1
लुम्बिका,1
लुणाशा,1
मानिका,1
माधवी,1
माधवीलता,1
मधु,1
मधुबाला,1
मधुछन्दा,1
मधुकसारा,1
मधूल,1
मधुलता,1
मधुलेखा,1
मधुलिका,1
मधुमालती,1
मधुमती,1
मधुमिता,1
मधुनिशा,1
मधुप्रिया,1
मधुर,1
मधुरा,1
मधुरिमा,1
माधुरी,1
मधुरिमा,1
मधुश्री,1
मधुवंती,1
माधवी,1
मदिराक्षी,1
मागधी,1
मांगना,1
माघी,1
महाभद्र,1
महादेवी,1
महागौरी,1
महाकाली,1
महाकान्ता,1
महालक्ष्मी,1
महामाया,1
महानिया,1
महाश्री,1
महाश्वेता,1
महती,1
महेशी,1
माहेश्वरी,1
माहि,1
महीजुबा,1
महिका,1
महिमा,1
माहिया,1
महुआ,1
मैना,1
मैथिलि,1
मैत्रेय,1
मैत्रेयि,1
मैत्री,1
मकाली,1
मक्षी,1
माला,1
मालश्री,1
मालती,1
मालविका,1
मलया,1
मलीहा,1
मलिका,1
मलीना,1
मालिनी,1
मलका,1
मल्ली,1
मल्लिका,1
मल्टी,1
मालविका,1
ममता,1
ममता,1
मन,1
मनाली,1
मानना,1
माणसा,1
मनस्वी,1
मनस्विनी,1
मानवी,1
मंदा,1
मंदाक्रांता,1
मन्दाकिनी,1
मंडरा,1
मंदरमलिका,1
मांडवी,1
मनदीप,1
मंदिर,1
मंदोदरी,1
मंगला,1
मणि,1
मणिदीपा,1
मनिका,1
मानिकुंतला,1
मणिमाला,1
मणिमेखला,1
मानिनी,1
मणिरत्न,1
मनीषा,1
मनीषिका,1
मंजरी,1
मंजीरा,1
मंजिष्ठा,1
मनजोत,1
मंजू,1
मंजूबाला,1
मञ्जुभार्गवी,1
मंजुला,1
मंजुलिका,1
मञ्जूषा,1
मंजुश्री,1
मंजुश्री,1
मानमयी,1
मन्ना,1
मनोरमा,1
मनोरंजन,1
मानसी,1
मंत्र,1
मनुश्री,1
मान्य,1
मराला,1
मार्गी,1
मरीचि,1
मरीचिका,1
मार्कण्डेय,1
मारिसा,1
मार्श,1
मरूध्वति,1
मारुश्का,1
मर्या,1
मसरा,1
मासूम,1
मातंगी,1
मातृका,1
मौसम,1
मौसमी,1
माया,1
मेरा,1
मयूखी,1
मयूरा,1
मयूरी,1
मयूरिका,1
मेधा,1
मेदिनी,1
मीणा,1
मिनाक्षी,1
मीनल,1
मीरा,1
मेघा,1
मेघना,1
मेघविनि,1
महा,1
महक,1
महल,1
मेहुल,1
मेहुली,1
मेखला,1
मेला,1
मना,1
मेनहा,1
मेनाजा,1
मेनका,1
मिहिका,1
मिहिर,1
मिली,1
मीणा,1
मीनाक्षी,1
मीनल,1
मिलती,1
मीरा,1
मिराया,1
मिश्रा,1
मिशिका,1
मिष्टी,1
मिश्री,1
मिटा,1
मितली,1
मित्र,1
मिथिला,1
मोहना,1
मोहती,1
मोहि,1
मोहिनी,1
मोहिता,1
मोक्सिन,1
मोलिना,1
मोनाल,1
मोनिशा,1
मौबनि,1
मौक्तिका,1
मोनिका,1
मोनिशा,1
मौसमी,1
मृडिणि,1
मृदु,1
मृदुला,1
मृगाक्षी,1
मृगनयनी,1
मृणाल,1
मृणाली,1
मृणालिका,1
मृण्मयी,1
मृतसा,1
मृत्तिका,1
मृदा,1
मृदुला,1
मृथुला,1
मुद्रा,1
मुद्रिका,1
मुग्धा,1
मुक्त,1
मुक्ति,1
मुकुला,1
मुकुलित,1
मुकुंदा,1
मुनिया,1
मुस्कान,1
मैथिल्य,1
मीठड़ी,1
नबाह,1
नबनीपा,1
नाभि,1
नाचनी,1
नदिअ,1
नादिरा,1
नगीना,1
नैध्रुअ,1
नेजा,1
नैना,1
नैनिका,1
निशा,1
नैषधा,1
नकटी,1
नक्षत्र,1
नकूला,1
नलिका,1
नलिनी,1
नमन,1
नमी,1
नमिता,1
नम्रः,1
नम्रता,1
नमस्य,1
नमुचि,1
ननकी,1
नंदा,1
नंदना,1
नंदी,1
नंदिका,1
नंदिनी,1
नंदिता,1
नारायणी,1
नर्मदा,1
नर्तन,1
नताशा,1
नताली,1
नवदुर्गा,1
नवनीता,1
नवीन,1
नाविका,1
नवस्था,1
नविता,1
नवनीता,1
नव्या,1
नयना,1
नयनतारा,1
नयोनिका,1
नीहारिका,1
नीला,1
नीलाब्जा,1
नीलजा,1
नीलाक्षी,1
नीलम,1
नीलांजना,1
नीलिमा,1
नीलिशा,1
नीलकमल,1
नीपा,1
नीरजा,1
नीता,1
नीति,1
नेहा,1
नेहाल,1
निहारिका,1
नेत्र,1
नेत्रवती,1
निधि,1
निधिपा,1
निद्रा,1
निहारिका,1
निजु,1
निकरा,1
निखिता,1
निक्की,1
नीला,1
नीलाक्षी,1
नीलाम्बरी,1
नीलारुण,1
नीलाशा,1
नीलश्री,1
निलय,1
नीलिमा,1
निलिनी,1
नीलशिखा,1
निमिषा,1
निमिता,1
नीना,1
निनारिका,1
निपा,1
निरल,1
निराली,1
निरमयी,1
निरंजना,1
निरोशा,1
नीरजा,1
निर्मला,1
निर्मयी,1
निरुपा,1
निरुपमा,1
निर्वाण,1
निर्वी,1
निशा,1
निष्मा,1
निशि,1
निशिता,1
निशिथिनी,1
निष्का,1
निष्ठां,1
निष्ठा,1
नीता,1
नितारा,1
निथ्य,1
निति,1
नितिका,1
नित्य,1
नित्यप्रिया,1
नित्यश्री,1
निवेदिता,1
निवृति,1
नियति,1
नोशी,1
नूपुर,1
नुषी,1
नूतन,1
ोदिति,1
ओइन्द्रिला,1
ोजा,1
ोजल,1
ओजस्वी,1
ओजस्विनी,1
ोमा,1
ोमजा,1
ओमना,1
ोमीशा,1
ओमकारेश्वरी,1
ोनेल्ला,1
ोनी,1
ॉर्पिता,1
ओविया,1
पद्मा,1
पद्मगृहा,1
पद्मजा,1
पद्मजाइ,1
पद्मकाली,1
पद्माक्षी,1
पदमल,1
पद्मालया,1
पद्मलोचन,1
पद्ममालिनी,1
पद्मप्रिया,1
पद्मरेखा,1
पद्मश्री,1
पद्मावसा,1
पद्मावती,1
पद्मिनी,1
पदनुंई,1
पहल,1
पाखी,1
पक्षालिका,1
पालक,1
पलकसी,1
पल्लवी,1
पल्लविनि,1
पामेला,1
पाम्पा,1
पांचाली,1
पाणिनि,1
पाणिता,1
पंकजा,1
पंकजधारिणी,1
पंखड़ी,1
पंक्ति,1
पन्ना,1
पाराजिका,1
परमा,1
परमेश्वरि,1
पारमिता,1
पैरवी,1
परबर्ती,1
पारी,1
परिधि,1
परिणा,1
परिणीता,1
परिविता,1
परियट,1
पारमिता,1
पर्नल,1
पर्णश्री,1
परनाक्षी,1
परनवी,1
परनि,1
पर्णिका,1
परनीत,1
पार्थवी,1
पार्थिवी,1
पारुल,1
पर्वणि,1
पारवती,1
परवीन,1
परविनि,1
पाशा,1
पतला,1
पटमंजरी,1
पत्रलेखा,1
पावकी,1
पवन,1
पावनि,1
पवित्र,1
पायल,1
पयोजा,1
पहर,1
फिरोज़ा,1
फूलन,1
पिया,1
पिकी,1
पिनकिनी,1
पिंगा,1
पिंगला,1
पिवळ,1
पीवरी,1
पियाली,1
पूजा,1
पूनम,1
पूरबी,1
पूर्ण,1
पूरणकमला,1
पूर्णिमा,1
पूर्व,1
पूर्वगंगा,1
पूर्वज,1
पूर्वी,1
पौशाली,1
प्रभा,1
प्रभादा,1
प्रभाती,1
प्रभावती,1
प्रचीता,1
प्राची,1
प्रदीप्त,1
प्रदन्या,1
प्रफुल्ल,1
प्रगल्भा,1
प्रगति,1
प्रागन्य,1
प्रज्ञा,1
प्रज्ञापारमिता,1
प्रज्ञावती,1
प्राजक्ता,1
प्रज्ञा,1
प्रकल्प,1
प्राख्या,1
प्रकृति,1
प्रामा,1
प्रमदा,1
प्रमिला,1
प्रमिति,1
प्रणाली,1
प्रणति,1
प्रनाउथी,1
प्राणवी,1
प्रणय,1
प्रनिधि,1
प्रणिता,1
प्रनिथा,1
प्रांजल,1
प्रांजलि,1
प्रणवता,1
प्राप्ति,1
प्रार्थना,1
प्रशंसा,1
प्रशांति,1
प्रशीतः,1
परशैला,1
प्रतीक्षा,1
प्रतिभा,1
प्रतीची,1
प्रतिज्ञा,1
प्रतिका,1
प्रतीक्षा,1
प्रतिमा,1
प्रतिष्ठा,1
प्रतिठा,1
प्रतीति,1
प्रत्याशा,1
प्रत्यक्ष,1
प्रत्युषा,1
प्रवीण,1
प्रयूता,1
प्रीत,1
प्रीथा,1
प्रीती,1
प्रेमा,1
प्रेमिला,1
प्रेरणा,1
प्रेष्टी,1
प्रेस्थ,1
प्रेयसी,1
प्रियंका,1
परिणा,1
प्रिंयका,1
परीक्षा,1
प्रीता,1
प्रीताल,1
पृथा,1
पृथिका,1
पृथुलोमा,1
प्रीति,1
प्रीतिका,1
प्रीतिकणा,1
प्रीतिलता,1
प्रिय,1
प्रियदर्शिनी,1
प्रियदत्त,1
प्रियल,1
प्रियला,1
प्रियं,1
प्रियंवदा,1
प्रियंका,1
प्रियंवदा,1
प्रियेषा,1
पृथा,1
पूजा,1
पूजी,1
पूजिता,1
पूज्य,1
पुलक,1
पुलकित,1
पुलोमा,1
पुनर्नवा,1
पुनर्वि,1
पूनम,1
पूनम,1
पुनिता,1
पुंथली,1
पुण्य,1
पुराला,1
पुरन्ध्री,1
पूर्णिमा,1
पूर्व,1
पूर्वज,1
पूर्वी,1
पूषा,1
पुष्प,1
पुष्पगंधा,1
पुष्पलता,1
पुष्पांजलि,1
पुष्पवती,1
पुष्पिता,1
पुस्टि,1
पूतना,1
पुतुल,1
राका,1
राखी,1
राबिआ,1
राभ्या,1
रचना,1
रचिका,1
रचिता,1
रचना,1
राधा,1
राधिका,1
राग,1
रागी,1
रागिनी,1
राइमा,1
राजा,1
राजलक्ष्मी,1
रजनीगंधा,1
राजश्री,1
राजसी,1
राजता,1
राजदुलारी,1
राजेश्री,1
राजेश्वरी,1
राजहंस,1
राजी,1
राजिका,1
राजकुमारी,1
राजनंदिनी,1
रजनी,1
राजश्री,1
राजुल,1
रखा,1
राखी,1
रक्षा,1
रक्षिता,1
राक्षसमर्दिनि,1
रक्ति,1
रमा,1
रमणी,1
रम्भा,1
रामेश्वरी,1
रमिणी,1
रमिता,1
रमोला,1
राम्रा,1
रम्य,1
रंगना,1
रंगत,1
रहिता,1
रानी,1
रीता,1
रंजना,1
रंजिनी,1
रंजीता,1
राण्या,1
राशि,1
रश्मि,1
रश्मिका,1
रसिका,1
रसना,1
रातंजलि,1
रचिका,1
रति,1
रत्न,1
रत्नबाला,1
रत्नाबली,1
रत्नज्योति,1
रतनलेखा,1
रॉनली,1
रत्नमाला,1
रत्नांगी,1
रत्नप्रभा,1
रत्नप्रिया,1
रत्नावली,1
रात्रिनिगहत,1
रवीना,1
रविप्रभा,1
राया,1
रेभा,1
रीमा,1
रीना,1
रेखा,1
रेनीका,1
रेनू,1
रेणुका,1
रेशम,1
रेशमा,1
रेशमी,1
रेवा,1
रेवती,1
रेवती,1
रेवा,1
रिहा,1
रिया,1
रहिए,1
ऋचा,1
रिद्धि,1
रिद्धिमा,1
रिजु,1
रिजुल,1
ऋजुता,1
रीमा,1
रीना,1
रिश्ता,1
ऋषिका,1
ऋषिमा,1
रिश्ता,1
रीता,1
रितिका,1
रीती,1
रितिका,1
रीतिशा,1
ृतसिका,1
ऋतू,1
ऋतुपर्ण,1
रिया,1
रुचि,1
रोहना,1
रोहिन,1
रोहिणी,1
रोहिता,1
रोमा,1
रोमिला,1
रूप,1
रूपा,1
रूपाली,1
रूपिणी,1
रोशन,1
रौशनी,1
रुबैना,1
ऋचा,1
रूचि,1
रुचिका,1
रुचिरा,1
रुचिता,1
रूद्र,1
रुद्रभैरवी,1
रूद्रकाली,1
रुद्राणी,1
रुद्रप्रिया,1
रूगु,1
रूही,1
रहीं,1
रुजला,1
रुजुता,1
रुख्मिणी,1
रुक्मा,1
रुक्मिणी,1
रूम,1
रूपा,1
रूपल,1
रूपम,1
रुपाली,1
रुपाशी,1
रूपश्री,1
रूपसी,1
रूपेश्वरी,1
रूपी,1
रूपिका,1
ृशं,1
रुश्दा,1
रूत,1
ृत्व,1
साची,1
सांझ,1
सान्वी,1
सबीना,1
सबरंग,1
सबरी,1
सच्ची,1
सचिता,1
सदभुजा,1
साधना,1
साधिका,1
साधना,1
साध्वी,1
साई,1
साएशा,1
सागरी,1
सागरिका,1
सगुन,1
सगुणा,1
सहना,1
सहस्रा,1
सहेली,1
साहिबा,1
साहिला,1
साहिमा,1
साहिरा,1
साहित्य,1
सहज,1
साई,1
सेजयनि,1
सजला,1
सजनी,1
सजीली,1
सजनी,1
सकेठा,1
सखी,1
साक्षी,1
सलिला,1
सलोनी,1
समली,1
समता,1
समानमीठा,1
समीना,1
समीरा,1
संहिता,1
समिधा,1
समीक्षा,1
समिति,1
सामिया,1
सम्पदा,1
संपत्ति,1
संप्रीति,1
समरीन,1
समृद्धि,1
समृद्धि,1
समरता,1
संस्कार,1
संविधा,1
संवृता,1
संयुक्तः,1
सना,1
सानंदा,1
सनातनी,1
सानवी,1
संचालि,1
संचय,1
संचिता,1
संध्या,1
संयमी,1
संघवी,1
संगीता,1
संज्ञा,1
सनी,1
सनिका,1
सानिया,1
संजना,1
संजय,1
संजीता,1
संजीवनी,1
संजना,1
संजुक्ता,1
संजुला,1
संजुश्री,1
संकुल,1
सन्निधि,1
सनोबर,1
सनोज,1
संसिता,1
संस्कृति,1
संतति,1
संतोष,1
संतोषी,1
संतुष्टि,1
सांवली,1
संवी,1
संयुक्त,1
सपना,1
सफल,1
सपना,1
सारा,1
सारदा,1
सरकशी,1
सरला,1
सरमा,1
सरन्या,1
सरसा,1
सरसी,1
सरस्वती,1
सरवती,1
सरयू,1
सर्बानी,1
सार्गिनी,1
सारिका,1
सरीशा,1
सरिता,1
सर्जना,1
सर्जना,1
सरला,1
सरोजा,1
सरोजिनी,1
सरुचि,1
सरूपा,1
सरप्राणी,1
सर्वांगजना,1
सार्वजिना,1
सर्वाणि,1
साक्षी,1
सश्मिता,1
सस्ती,1
साथ,1
सटी,1
सात्त्विकी,1
सतवारी,1
सातवीं,1
सात्विक,1
सात्विकी,1
सत्य,1
सात्यकि,1
सत्यरूपा,1
सत्यवती,1
सौदामिनी,1
सौम्या,1
सौमई,1
सौंदर्य,1
सौरा,1
सौरवी,1
सवर्ण,1
सविधारणी,1
सवी,1
सविता,1
सवितश्री,1
सविता,1
सावित्री,1
सायटिका,1
सायना,1
सायरी,1
सीमा,1
सीमन्ति,1
सीमन्तिनी,1
सेजल,1
सेल्मा,1
सेमन्ती,1
सेरेना,1
सेषा,1
सेतु,1
सेवा,1
सेवती,1
सेवांथिका,1
सविता,1
शबनम,1
शबरी,1
शची,1
शगुन,1
शैला,1
शैलजा,1
शैलाशा,1
शैली,1
शैवी,1
शाकम्बरी,1
शकीला,1
शाकिनी,1
शक्ति,1
शकुंतला,1
शलाका,1
शळळु,1
शालिका,1
शालिनी,1
शाल्मली,1
शमा,1
शम्बरी,1
शाम्भवी,1
शम्भुकान्ता,1
शमीना,1
शमीम,1
शमिता,1
शम्पा,1
शंकरी,1
शंखमाला,1
शंसा,1
शांता,1
शांतला,1
शांति,1
शानवी,1
शारदा,1
शारदिनी,1
शेरनी,1
शरण्य,1
शारदा,1
शारदम्भो,1
श्री,1
शारिका,1
शारिणी,1
शर्मीला,1
शर्मिष्ठा,1
शर्वाणि,1
शर्वरी,1
शाशा,1
शशि,1
शशिबाला,1
शशिकला,1
शशिनि,1
शशिप्रभा,1
शशिरेखा,1
शास्वती,1
शताक्षी,1
शायना,1
शीला,1
शीन,1
शीतल,1
शेफाली,1
शेफालिका,1
शेजली,1
शेवालिनी,1
शेवंती,1
शिबानी,1
शिचि,1
शिखा,1
शिला,1
शीलवतीअ,1
शिल्पा,1
शिल्पिता,1
शिंजिनी,1
शिप्रा,1
शिरीन,1
शिशिरकना,1
शिउली,1
शिवकांता,1
शिवली,1
शिवांगी,1
शिवानी,1
शिवंशी,1
शिवप्रिया,1
शिवसुन्दरी,1
शिविका,1
शिवली,1
श्लेषा,1
श्लोका,1
शोभा,1
शोभना,1
शोभिता,1
शामिलि,1
शोणि,1
शोणिमा,1
षोडशी,1
श्रद्धा,1
श्रावणी,1
श्रवनति,1
श्रावस्ती,1
श्रव्य,1
श्रेय,1
श्री,1
श्रीला,1
श्रीमा,1
श्रीमयी,1
श्रीपर्णा,1
श्रीप्रदा,1
श्रीया,1
श्रेस्ता,1
श्रेष्ठ,1
श्रेस्ठी,1
श्रेया,1
श्रेयषी,1
श्रेयोवी,1
श्री,1
श्रीदेवी,1
श्रीदुला,1
श्रीगौरी,1
श्रीगीता,1
श्रीजी,1
श्रीका,1
श्रीकला,1
श्रीकामा,1
श्रीकीर्ति,1
श्रीकुमारी,1
श्रीला,1
श्रीलता,1
श्रीलक्मी,1
श्रीलेखा,1
श्रीमती,1
श्रीमयी,1
श्रीना,1
श्रिस्ति,1
श्रीवल्ली,1
श्रीविद्या,1
श्रिया,1
श्रीयदिता,1
शृजना,1
श्रृजेश्वरी,1
श्रुथि,1
श्रुतिका,1
श्रुति,1
श्रुतिका,1
शुबहा,1
शुभदा,1
शुभांगी,1
शुभ्रा,1
शुचि,1
शुचिस्मिता,1
शुचिता,1
शुद्धि,1
शुक्ल,1
शक्ति,1
शूलिनी,1
शुल्का,1
शुष्मा,1
शुत्रादेवी,1
श्वेनी,1
श्वेता,1
श्वेता,1
श्यामा,1
श्यामला,1
श्यामली,1
श्यामालिका,1
श्यामालिमा,1
श्यामांगी,1
श्यामरी,1
श्यामश्री,1
श्यामलता,1
शीला,1
सिबानी,1
सिद्धेश्वरी,1
सिद्धमा,1
सिद्धांगना,1
सिद्धानि,1
सिद्धि,1
सिद्धिक्षा,1
सिद्धिमा,1
सिकता,1
सिकता,1
सिम्बला,1
सिमरन,1
सिमृत,1
स्मृता,1
सिंधु,1
सिन्धुजा,1
सिंहयाना,1
शिंजिनी,1
सिंसापा,1
सिरीशा,1
सीता,1
सितारा,1
सीतेश,1
सिवनन्दिनी,1
सिवनेस्वरी,1
सिवनी,1
सिया,1
सियोना,1
स्कन्दा,1
स्कन्दजित,1
स्मेरा,1
स्मिता,1
स्मिताक्षी,1
समितिका,1
स्मृति,1
स्मृति,1
स्नेह,1
स्नेहा,1
स्नेहल,1
स्नेहलता,1
स्नेही,1
स्निग्दा,1
सनिकिथे,1
सोहलिअ,1
सोहनी,1
सोम,1
समलक्षमी,1
सोमांश,1
सुमात्रा,1
सोमिल,1
समय,1
सोना,1
सोनी,1
सोनाक्षी,1
सोनल,1
सोनाली,1
सोनीरा,1
सोनिआ,1
सोनिका,1
सूरत,1
सौगंदिका,1
सौजन्य,1
सौरभी,1
सौजन्य,1
सौम्य,1
स्पूर्ति,1
स्रवन्ति,1
श्रेय,1
श्रीचैतरा,1
स्रिदात्री,1
श्रीदेवी,1
श्रीदेवी,1
स्रीणीथी,1
श्रीशा,1
सृस्टि,1
श्रुतकीर्ति,1
स्तविता,1
स्त्रीरत्न,1
स्तुति,1
सुबर्ण,1
सुभद्रा,1
सुभगा,1
सुभाग्य,1
सुभाषिनी,1
सुभासिनी,1
सभी,1
सुभिक्षा,1
सुभुजा,1
सुबोधिनी,1
सुब्रता,1
सुचन्द्र,1
सुचरिता,1
सुचेता,1
सुछाया,1
सूचि,1
सुचिस्मिता,1
सुचिता,1
सुचित्रा,1
सुदक्षिमा,1
सुदर्शना,1
सुदर्शिनी,1
सुदीपा,1
सुदीप्त,1
सुदना,1
सुदेष्णा,1
सुदेवी,1
सुधा,1
सुधामयी,1
सुधीर,1
सुदीक्षा,1
सुदीप्त,1
सुदीप्ति,1
सुदिति,1
सुगंधा,1
सुगौरी,1
सुगीता,1
सुहाग,1
सुहैला,1
सुहास,1
सुहानी,1
सुहासिनी,1
सुहिना,1
सुहृता,1
सुजला,1
सुजाता,1
सुजय,1
सुजीता,1
सुकन्या,1
सुकेशी,1
सुखदा,1
सुकृति,1
सुकृति,1
सुक्षा,1
सुक्ष्म,1
सूक्ष्मा,1
सुकुमारी,1
सुकुशी,1
सुलभा,1
सुलक्षा,1
सुलक्षणा,1
सुलक्ष्मी,1
सुललिता,1
सुलभा,1
सुलेखा,1
सुलोच,1
सुलोचना,1
सुल्ताना,1
सुमा,1
सुमन,1
सुमना,1
सुमंगली,1
सुमनलता,1
सुमति,1
सुमावली,1
सुमेधा,1
सुमिता,1
सुमिता,1
सुमित्रा,1
सुमोना,1
सुमुखि,1
सुनैना,1
सुनंदा,1
सुनन्दिनी,1
सुनन्दिता,1
सुनयना,1
सुनयना,1
सुंदरी,1
सुंधा,1
संधुजा,1
सुनीति,1
सुनेत्रा,1
सुनील,1
सुनिसका,1
सुनीता,1
सुनीति,1
सुपर्णा,1
सुप्रभा,1
सुप्रसन्ना,1
सुप्रीता,1
सुप्रीम,1
सुप्रीता,1
सुप्रीति,1
सुप्रिया,1
सुप्ति,1
सुरभि,1
सुरक्षा,1
सुरमा,1
सुरंगी,1
सुरंजना,1
सुरसा,1
सुरसती,1
सूरवी,1
सुरविन्दा,1
सुरेख,1
सुरेशी,1
सुरेश्वरि,1
सुरीना,1
सुरतमा,1
सुरुचि,1
सुरूपा,1
सूर्य,1
सूर्यादिता,1
सूर्यकांति,1
सुरयानी,1
सुषमा,1
सुशांति,1
सुशीला,1
सुषमा,1
सुष्मिता,1
सुशोभना,1
सुसीला,1
सुसिता,1
सुस्मिता,1
सुसुम्ना,1
सुतनुका,1
सुतापा,1
सुतरा,1
सुवाली,1
सुवर्ण,1
सुवर्णमाला,1
सुवर्णप्रभा,1
सुवर्णरेखा,1
सुविथा,1
सुव्रता,1
सुयशा,1
स्वाधी,1
स्वाहा,1
स्वाना,1
स्वरा,1
सवित्र,1
स्वागत,1
स्वः,1
स्वापंथी,1
स्वप्ना,1
स्वप्नाली,1
स्वप्नसुंदरी,1
स्वप्निका,1
स्वरा,1
स्वर्णलता,1
स्वर्णप्रभा,1
स्वर्णिका,1
स्वरूपा,1
स्वाति,1
स्वेता,1
तानुसिया,1
तबस्सुम,1
ताज,1
तालिका,1
टल्ली,1
तामली,1
तमालिका,1
तमन्ना,1
तमसा,1
तामसी,1
तमस्विनी,1
तामीर,1
तनय,1
तनम,1
तान्या,1
तनिअमित्र,1
तनिका,1
तनिमा,1
तनिरिका,1
तनीषा,1
तनिसि,1
तन्निष्ठा,1
तन्मय,1
तन्मयी,1
तन्निष्ठा,1
तनु,1
तनूजा,1
तनुका,1
तनलता,1
तनूपा,1
तनुश्री,1
तन्वी,1
तन्वी,1
तान्या,1
तंज़ील,1
तपनि,1
तापसी,1
तपती,1
तपी,1
तपनि,1
ताप्ती,1
तारा,1
तराई,1
टरका,1
तारकेश्वरी,1
तरकिनी,1
तरला,1
तराना,1
तरंगिनि,1
तरनि,1
तरनिजा,1
तरन्नुम,1
तरीका,1
तारिणी,1
तरिता,1
तर्जनी,1
तारकेश्वरी,1
तरला,1
तरली,1
तर्पण,1
तरु,1
तरलता,1
तरुणा,1
तरुणी,1
तरुणिका,1
तरुणिमा,1
ताशा,1
तटिनी,1
तविषि,1
तेजल,1
तेजस्वी,1
तेजस्विनी,1
तेजी,1
तेजोमयी,1
तीर्थ,1
तनीषा,1
थान्कम,1
थानमयू,1
थरिशा,1
ठुमरी,1
तेजा,1
तिलका,1
तिलिका,1
तिलोत्तमा,1
तिमिला,1
तीस्ता,1
तिसय,1
तिथि,1
तितिक्षा,1
तिया,1
तोरल,1
तोशनि,1
टॉय,1
तोर्षा,1
त्रृटि,1
ट्राई,1
त्रिशिता,1
तरेया,1
त्रिअम्बिके,1
त्रिअक्षा,1
त्रिभुवनेश्वरी,1
त्रिधारा,1
त्रिदिवा,1
त्रिगुणा,1
त्रिगुणी,1
त्रिजगति,1
त्रिकाया,1
त्रिलोचना,1
त्रिनयनी,1
त्रिनेत्र,1
त्रिपर्ण,1
तृप्त,1
तृप्ति,1
त्रिपुरा,1
त्रिपुरसुन्दरी,1
त्रिपुरी,1
त्रिपुता,1
तृषा,1
त्रिशला,1
तृष्णा,1
त्रिशूलिनी,1
तृती,1
त्रिवेणी,1
त्रिया,1
त्रियम,1
तृप्ति,1
तृषा,1
तुहि,1
तुहिना,1
तुला,1
तुलसी,1
तूलिका,1
तुलसी,1
तुल्य,1
तुरन्या,1
तुरवी,1
तूर्य,1
तुषारकाना,1
तुस्टी,1
त्वरिता,1
त्विशा,1
ुबिका,1
उछाल,1
ुदन्तिका,1
उदय,1
उडबाला,1
उद्गीता,1
उदीची,1
उदीप्ति,1
उदिता,1
उदिति,1
उदविता,1
उदयति,1
उजास,1
ुझला,1
उज्जयिनी,1
उज्ज्वला,1
उज्वला,1
उल्का,1
उलूपी,1
ुलूप्या,1
उमा,1
ूमिका,1
उनमे,1
उन्नति,1
उन्नी,1
उपडा,1
ुपधृति,1
उपला,1
उपमा,1
उपासना,1
ुरा,1
ुऋषिला,1
ुरीषिता,1
ऊर्जा,1
उर्जिता,1
उर्मि,1
उरमिका,1
उर्मिला,1
ुर्शिता,1
उर्वशी,1
उर्वी,1
उषा,1
उषाकिरण,1
ुशाषि,1
ुशी,1
ऊष्मा,1
उसरा,1
उसरी,1
ुतलिका,1
उत्कर्ष,1
उत्पला,1
उत्पलाक्षी,1
उत्पलिनी,1
उत्पत्ति,1
उत्सा,1
उत्सवी,1
उत्तरा,1
वाग्देवी,1
वाच्या,1
वागीशा,1
वागीश्वरी,1
वैदर्भी,1
वैदेही,1
वैगा,1
वैगई,1
वैजयंती,1
वैजयंतीमाला,1
वैणवी,1
वैसाखी,1
वैशाली,1
वैष्णवी,1
वैष्णवी,1
वैष्णोदेवी,1
वज्रा,1
वज्रेश्वरी,1
वलिनी,1
वल्लभा,1
वल्लरी,1
वाली,1
वल्लिका,1
वामा,1
वामाक्षी,1
वामदेवी,1
वामिका,1
वामिल,1
वनदुर्गा,1
वनजा,1
वानलिका,1
वननि,1
वंदना,1
वन्दिता,1
वनीत,1
वंही,1
वन्हीशिखा,1
वाणी,1
वणिआ,1
वञिनि,1
वनश्री,1
वनिता,1
वनमाला,1
वनमाली,1
वाङ्मयी,1
वंश,1
वंशी,1
वंशिका,1
वारा,1
वारा,1
वरदा,1
वरली,1
वरालिका,1
वरना,1
वरदा,1
वरि,1
वारिज,1
वरिजा,1
वरीशा,1
वर्णिका,1
वर्णु,1
वर्षा,1
वर्षाना,1
वर्तिका,1
वरुणा,1
वरुणावी,1
वारुणी,1
वरुणिका,1
वार्य,1
वासना,1
वसंता,1
वसंतप्रभा,1
वासंती,1
वसन्तिका,1
वसतिका,1
वासवी,1
वाश्नी,1
वसुदा,1
वासुदेवा,1
वसुधा,1
वसुधारिणी,1
वसुलक्ष्मी,1
वसुमती,1
वसुंधरा,1
वती,1
वत्सला,1
वेद,1
वेदांती,1
वेदश्री,1
विधा,1
वेदी,1
वेदिका,1
वेदवल्ली,1
वीणा,1
वीणापाणि,1
वेला,1
वेनह,1
वेनिका,1
वेणुका,1
वन्य,1
वेटली,1
वेत्रवती,1
विबली,1
विभा,1
विभावरी,1
विभि,1
विभूति,1
विभूषा,1
विधि,1
विधुत,1
विदिशा,1
वीडिता,1
विदुला,1
विदुषी,1
विद्या,1
विद्यादेवी,1
विद्युत्,1
विद्युत्प्रभा,1
विगनयात्री,1
विजय,1
विजयलक्ष्मी,1
विजयंति,1
विजेता,1
विजुल,1
विकसणी,1
विकृति,1
विलासिनी,1
विलीन,1
विमला,1
विमला,1
विमूढा,1
विणा,1
विनम्र,1
विनंती,1
विनता,1
विनती,1
विनय,1
विंध्य,1
विनीता,1
विनीता,1
विनोदिनी,1
विनुता,1
विपंची,1
विपासा,1
विपाशा,1
विप्रा,1
विपुला,1
वीरेंदरी,1
विरिका,1
विसाला,1
विशाखा,1
विशाखा,1
विशालाक्षी,1
विशल्या,1
विषय,1
विष्णुमाया,1
विष्णुप्रिया,1
विश्रांति,1
विश्व,1
विश्वम्भरा,1
विस्मय,1
विस्तारिणी,1
वीथिका,1
विटी,1
विवेका,1
विविधा,1
व्रजबला,1
वृंदा,1
वृषा,1
वृष्टि,1
वरिटी,1
वृतिका,1
वृत्ति,1
व्यंजना,1
व्योमिनी,1
वाकीटा,1
याचना,1
यादवी,1
यहवि,1
यक्ष,1
यामिका,1
यामिनी,1
यमुना,1
याम्य,1
यशस्वी,1
यशविनि,1
यशी,1
यशिका,1
यशिका,1
यशीला,1
यशिता,1
यशोदा,1
यशोधरा,1
यशोमति,1
यास्मीन,1
एसटी,1
यात्रा,1
यवोंने,1
ययाति,1
एमा,1
योगेश्वरी,1
योगिता,1
योजना,1
योशिता,1
योषा,1
युक्तः,1
युक्ति,1
युति,1
यूटीका,1
युवती,1
युविका,1
युवरानी,1
जेना,1
ज़िआना,1
